user_id,model_2_recs
1,[856942 9297615 940947 9655212 5577022]
3,[822407 921345 1092937 1127025 910032]
6,[1098844 1029743 863447 6534178 970030]
7,[1122358 1106523 1126899 5568378 6034857]
8,[872137 1004906 1005186 1029743 1068719]
9,[1029743 862799 1056005 10456457 10457112]
13,[1029743 6534178 6544236 1038985 9488065]
14,[1029743 6534178 1127758 6533765 13876901]
15,[1070820 854852 1029743 1127831 1081177]
17,[833351 896085 944486 6534178 1044078]
18,[6533889 9677886 1022066 976199 1128477]
19,[992933 990797 841220 827180 1099905]
20,[1126899 1075368 945611 1068719 944454]
22,[6534178 1070820 944836 13115981 1104349]
23,[1075368 1138858 1005274 1029743 1023830]
24,[1106523 986912 9835619 970152 1068719]
25,[1029743 929018 1075786 5568378 866211]
26,[9296919 896862 849297 1106301 5591154]
27,[7409957 9419470 1102416 1057168 1029252]
28,[1005186 6533368 940947 6533911 892531]
29,[827180 5568378 891505 968992 893501]
30,[6534178 914190 854405 1106523 844697]
31,[6534178 1040807 1062128 866211 971922]
32,[6534178 397896 1105488 908318 959737]
33,[871756 1106523 9831469 871061 986912]
34,[1029743 1070702 993638 1000753 830203]
35,[1126899 6464165 6534178 909472 819978]
36,[1029743 7409970 863885 1007136 849578]
37,[1067695 1097001 1132956 6533889 1056212]
39,[1126899 1127716 857503 880050 944836]
40,[6534178 1112205 6034857 7409951 1076587]
41,[1126899 909714 913210 6961848 9419888]
42,[839656 1060673 5995177 6602697 946839]
43,[1106523 1004906 6534178 1106301 1072523]
46,[1029743 1068719 862335 1098844 866211]
47,[1005186 6533681 8119318 8119103 963727]
48,[826816 7168759 846760 944376 1104027]
49,[1070820 893501 6534178 839243 5569471]
52,[6534178 857503 1106523 1116020 871756]
53,[6534178 6034857 1087102 964853 902238]
55,[1097280 871756 1116589 1106091 6391086]
56,[940947 9803545 832678 6533608 891415]
57,[986912 6534178 1076056 6904666 1139023]
58,[6534178 1106523 1054216 1104343 1054539]
59,[1081177 1024032 6534178 6034857 1056509]
64,[1013928 987615 1093413 828370 7147145]
65,[961889 1070820 1029743 965766 1128016]
67,[1029743 971922 1098844 965766 951197]
68,[1029743 1004906 1068719 6534178 921614]
69,[1106523 1068719 1044188 1004906 899624]
71,[1056509 1008288 10149656 914190 899624]
72,[976199 6534178 914190 8019681 5585510]
73,[1070820 1130581 7024847 845774 6534178]
74,[1106523 1005186 1085369 899459 1126045]
76,[1054080 7024830 1127831 1103902 6034857]
77,[1106523 1126899 829323 1070538 6979128]
78,[5591154 1039627 6773232 835098 1097280]
79,[1103513 1070820 6533889 1005186 5591520]
80,[1005186 6534178 1029743 1055504 993638]
81,[1029743 1093413 1132771 978294 933835]
82,[1084036 880150 849202 1119761 819308]
83,[1127831 880228 1059902 879393 954102]
84,[862732 903529 920025 829722 901061]
85,[1139782 923149 849578 954495 5591939]
86,[865026 1029743 854852 1135195 957232]
87,[6391089 1079528 1083043 13381584 1048257]
88,[1075368 6534178 888104 893018 8090521]
90,[862535 1135552 1070820 986912 1068719]
91,[1029743 6534178 838637 1088147 1024833]
92,[6391089 871061 12946027 1104343 9547021]
95,[1029743 6533889 922561 6534178 1088771]
97,[1075368 6534178 6034857 914190 871756]
98,[1091858 847241 1018278 1095040 1063577]
99,[1029743 1013528 992151 1026094 866211]
101,[6534178 1106523 6533765 5569845 1090931]
103,[1106523 953677 983584 1029743 821976]
104,[1098844 1029743 940766 919534 933835]
105,[1005186 1004906 1106301 919596 854405]
106,[6534178 6034857 1113274 1028816 854852]
108,[1127831 8290421 888586 962266 903800]
109,[862682 8290421 835098 1046756 856215]
110,[871756 6534178 1106523 899624 1044078]
111,[1106523 7441180 913144 9677874 6534178]
112,[6534178 9527159 830887 958700 879977]
113,[1098844 1081177 870929 9296919 879031]
114,[1029743 948670 5568489 7025203 875392]
115,[6534178 983584 914190 1018007 930917]
116,[914190 976199 1019637 1104343 1014732]
117,[901062 852235 852360 6534178 895097]
118,[1083043 893018 1091793 6534178 13381584]
119,[1029743 972456 866211 996259 825994]
120,[1007136 1110843 1082311 1068957 6534178]
121,[1029743 1004906 1044078 989069 9836106]
122,[940947 1118264 6464147 1086119 1044078]
123,[1056509 1126899 1029743 1005186 6534178]
124,[1037840 892531 963971 957063 1106523]
125,[1029743 6534178 6544236 834117 971922]
127,[6534178 839243 1075368 899624 865456]
128,[1015296 1029743 9420337 901062 1070820]
131,[1029743 1075214 1068719 1044078 12731517]
132,[854852 1126899 825365 862682 999198]
133,[869728 13381458 1029743 1132771 5569230]
135,[926422 852360 959455 933835 898121]
136,[1106523 949965 865511 8090521 8090509]
138,[13841744 1098844 1070820 9419528 835080]
139,[6534178 866211 968695 1021324 1005898]
142,[1082212 1013826 990797 997011 957420]
143,[1106523 6534178 1130858 1029743 1044078]
144,[925862 930283 892503 1106523 829291]
145,[1029743 893501 868764 1044078 9835509]
147,[1106523 983584 913210 903350 9419525]
148,[1003487 972726 992765 866211 835058]
149,[873044 6534178 913210 959316 937292]
151,[916122 963365 872137 6533889 1079987]
152,[1092303 914190 1114006 1128744 1037332]
153,[1006063 885592 934639 939636 916122]
154,[1074333 6534178 6463727 9834742 965766]
155,[1029743 971922 979877 12648296 1087102]
156,[1071759 911311 1075368 976214 6534178]
157,[1098844 949294 913210 824180 838186]
158,[12731714 1025641 1092303 1104343 1128240]
159,[1004906 1005186 1106523 899624 978129]
160,[5580525 1070820 1005186 833598 1087102]
161,[868764 957063 935527 12352054 5568378]
162,[1122358 902856 1029743 964521 10456371]
164,[1029743 1068719 970605 839605 983584]
165,[1070820 6534178 944534 8065410 8090556]
166,[1106523 1029743 1075368 935570 933835]
167,[9297151 6391163 833724 943362 1072693]
171,[1029743 1004906 936924 1044078 863030]
172,[6533765 6534178 891632 829722 969568]
175,[994685 1070272 870614 1065303 1053329]
177,[992649 6534178 866211 1127831 5570467]
178,[963686 13841744 1024319 1110031 1106523]
182,[1044078 1083787 898466 1041796 957411]
183,[1106523 8090440 878996 961979 1125278]
184,[896085 6534178 907957 1108776 5572234]
185,[1029743 844179 871756 930917 6534178]
188,[1044078 999858 944534 1106523 9836106]
189,[986912 9707498 1000493 13841744 1007136]
191,[1031087 6534178 914190 819845 1015785]
192,[1029743 9835509 1082212 1002850 5569230]
193,[1029743 6704207 983584 6534178 5565322]
194,[6391381 854852 1051468 951412 1106523]
195,[1029743 6534178 1062128 1131382 7167836]
196,[1106523 1101173 1081177 1044078 926905]
197,[1126899 9881593 963835 868588 856252]
198,[899624 1106523 1029743 907631 1068719]
199,[1082212 1005186 1135195 889509 1110843]
200,[963971 823990 7409970 1081177 5568378]
201,[6034857 5569327 5567502 5568378 1108168]
203,[1029743 6534178 914190 1005186 837495]
204,[1070820 872137 1110779 923670 6034857]
205,[1106523 1028816 1115577 1072523 923751]
206,[1106523 5590965 1044078 999779 926905]
207,[951412 976199 1077048 9527257 1081177]
208,[6534178 828278 865456 885290 12352293]
209,[6534178 1029743 6533765 1132771 1068719]
210,[1051323 999779 1013928 910473 939636]
211,[945662 832678 862732 847962 1006878]
212,[888054 1056509 6533362 397896 1004906]
214,[849100 1086061 901062 1010590 944836]
215,[6391089 879699 1404121 1016298 1005186]
216,[1008547 974156 6533936 908217 897088]
217,[6534178 958729 895930 976199 919534]
218,[6544236 6534178 894439 878715 965772]
219,[9653535 1010578 1127831 1076580 854852]
220,[6534166 914190 1029743 899682 942778]
221,[6424460 1137775 1043751 12427353 6424464]
222,[866211 999779 820301 6039859 1071759]
223,[897306 930283 986912 12731432 5591083]
224,[1106523 899624 1056005 850925 1029743]
226,[933067 844179 866211 1044078 1029743]
227,[845193 864658 7166865 954424 1125391]
228,[6534178 1126899 1139782 946788 5569471]
230,[1029743 6534178 1005186 913210 1008547]
232,[6534178 1029743 6533765 822407 845193]
233,[1029743 1122568 1078652 1131488 15926927]
235,[983584 862732 1070820 1121384 6534178]
236,[1014948 827999 8119157 849505 944929]
237,[914190 9935616 1074754 5569230 926307]
238,[1106523 948670 1102416 868764 947201]
239,[1106523 1044078 1108168 13115501 854852]
240,[1106523 1101589 1008173 938512 1022428]
242,[1029743 1138487 862732 1137775 1081177]
243,[1126899 6534178 6034857 1117393 901062]
244,[913210 908283 13115667 1004906 929018]
245,[6534178 12731517 1044078 1132771 861279]
247,[9419487 1005186 1076056 8090537 901062]
248,[1126899 1029743 9881593 6534178 862732]
249,[1029743 965766 949142 6034857 1004906]
250,[1029743 923169 1067749 1056509 1128016]
251,[907631 1070820 893501 1040807 1029743]
253,[845193 1106523 5568378 6534178 1068719]
254,[1106523 1053282 985866 1014948 862535]
255,[5569230 947146 847344 960732 899736]
256,[914190 1111786 5568378 9859128 1017195]
257,[1106523 1093413 1038663 1132911 863447]
258,[9526572 824796 1048257 6034857 1028816]
259,[1087605 940947 1062128 832768 1096099]
261,[865456 7167945 6534178 981086 1092118]
262,[1004906 1124971 1008814 1040807 947798]
263,[1029743 1044078 13210025 940947 841220]
267,[929373 901976 935393 1011457 1058754]
269,[1139782 938596 1042697 927508 907957]
273,[1106523 1005186 12171414 6979579 1110843]
275,[1106523 6533765 6534178 857554 918638]
276,[1089766 1070304 6534178 944534 847803]
277,[1012922 844179 1131344 1130858 846823]
278,[895680 906883 9833277 1138292 1070845]
279,[6534178 1029743 1082212 919534 944534]
280,[1106523 6534178 12731544 999270 1097849]
281,[1070820 854852 999104 844991 1077048]
282,[6534178 12524067 916122 5571261 9677466]
283,[940947 984680 990797 7409644 1070820]
285,[1013389 928961 827667 6534178 899624]
286,[1120361 1115069 866211 902396 1081177]
287,[1106523 6534178 9297310 1029743 5568729]
288,[1070820 928092 1098844 6534178 1005456]
289,[6533889 1104343 880228 1093571 909714]
290,[1013928 1029743 947798 1108168 919489]
291,[1005186 911311 930917 1007136 1014238]
292,[1106523 971949 984140 911411 13876914]
293,[1014238 9553382 1004906 10456568 940217]
294,[1106523 983584 905087 9245108 838186]
297,[1075368 10285373 907631 1029743 12648296]
300,[1106523 1029743 944534 880150 12301839]
301,[5565322 1029743 1015474 1094924 1040807]
302,[10344586 892531 1027168 5569327 857540]
303,[895930 6534178 5569230 854852 1040807]
304,[1029743 868764 6534178 1068719 1051211]
305,[6463727 1133850 6534178 1131047 8090532]
306,[6534178 1056509 1029743 13877192 6534480]
307,[1074040 1065259 1019637 984176 1114653]
308,[6904613 1043787 862010 887102 911401]
311,[1106523 1005186 1063207 1091365 6034857]
314,[1106523 1130858 820486 882308 1037751]
316,[1068719 5568378 1044078 859154 1081177]
317,[1029743 914190 983584 894426 842783]
318,[1106523 914190 1021324 5569230 7025203]
319,[6534178 1106523 6533889 976199 935993]
320,[999714 914190 12301073 5568378 842707]
321,[1056509 1126899 13381458 944836 986912]
322,[1040807 1006342 1091901 976199 872137]
324,[1070820 1098844 6534178 888178 1087081]
325,[1029743 965679 1013389 893501 5569471]
326,[8090521 1137346 1090931 973016 1022428]
328,[925862 901062 1005849 878996 1133312]
329,[944836 1029743 854852 1005186 1041796]
331,[5565322 1103752 1029743 1004906 1070820]
332,[1070820 1029743 1056267 1068719 976199]
334,[957420 6534178 9859052 965292 1018670]
335,[945652 1098844 899624 1048918 1024731]
338,[1106523 1004906 1028816 1068719 6979393]
339,[1106523 868764 851819 865456 1044078]
342,[925862 904236 976199 938554 1029743]
343,[1092588 872137 864279 956902 1108994]
345,[1029743 6602697 1068719 1132771 1048483]
346,[948670 1029743 1101010 835098 962615]
347,[1110409 1053329 940766 969941 823990]
348,[914190 1044078 1029743 899624 1056509]
349,[824305 5569471 1126899 1004906 1106523]
350,[6534178 986912 940023 1091365 883003]
351,[1106523 894439 8020166 892573 865456]
353,[866211 839656 944139 899624 1065979]
354,[1041796 1050851 940947 916122 5568729]
356,[1049735 6534178 947798 997025 1029743]
357,[1126899 1122358 1098485 880150 1040807]
358,[949294 1106523 872137 879008 5569230]
361,[1056509 1044078 1101010 844179 1106523]
362,[1081533 1126045 1128395 986912 1077373]
364,[1106523 1004906 844179 899624 982790]
365,[1062128 1132771 1136719 943169 955275]
367,[1070820 1085637 9524291 1031864 9523059]
368,[965766 1083446 5568721 6533936 919534]
371,[6034857 907631 880150 885023 866211]
374,[1015296 1029743 1108094 1081177 993638]
375,[914190 1029743 8090532 965766 8090537]
376,[965766 1044078 937292 5590613 1106301]
377,[1126899 1029743 899624 994223 6979128]
378,[6534178 1005186 916990 13213475 948670]
380,[1106523 1004906 965766 899624 6464069]
381,[1075368 1029743 1081177 1128016 1110764]
382,[1029743 982112 999250 1125278 1070803]
384,[6534178 1126899 1055504 999090 8019977]
385,[951412 1087102 6034857 857503 878715]
386,[1029743 1106523 6534178 868764 911470]
387,[1126899 1046756 999090 6602729 832001]
388,[1029743 1031864 6463775 1004596 849274]
389,[996795 1098844 891632 1079987 832678]
390,[1072693 5569230 1029743 819400 888543]
392,[951412 940947 963835 873980 1087287]
393,[1029743 1013928 1068719 1025641 1103808]
394,[835098 1029743 901062 1091520 986912]
395,[926233 1029743 5568378 1070820 5569230]
396,[879031 1075368 1126899 6534178 866211]
397,[1126899 6904613 892573 1087102 6534178]
398,[1029743 6534178 5981072 7410168 1022097]
399,[1075368 5569230 999714 6544236 1029688]
400,[1049735 977499 852856 1116096 837304]
401,[965766 1070272 1005186 993638 914190]
402,[853448 819978 914190 1136033 892573]
403,[880150 863447 944534 10344585 854852]
404,[1092588 6534178 966778 9392953 889863]
405,[6534178 948670 7167836 1087102 1130397]
406,[6534178 1110409 1029743 1043787 963868]
408,[862799 1029743 903800 1065538 1127831]
409,[1070820 6534178 852572 1038443 916122]
410,[1029743 1096066 1044078 948650 1127758]
411,[1106523 1050851 1081177 6534178 946839]
412,[1005186 986912 1005274 6533765 982360]
413,[1106523 986912 1098844 12731544 970160]
414,[1029743 940947 872066 1014999 1082212]
417,[903800 1029743 827180 1055504 976199]
418,[6534178 13190349 1029743 983316 12385477]
419,[1029743 5569230 1071759 933835 5567702]
421,[6534178 914190 1029743 1126899 1068719]
424,[888586 1040807 9803591 983316 9676866]
425,[871756 843464 1070820 1106523 994894]
426,[1005186 899682 6534178 945909 1121393]
427,[1029743 1102416 986912 1029252 893501]
430,[1029743 1042571 1106523 983584 10456015]
431,[1070820 1092937 834117 913210 7442180]
432,[1004906 1029743 1044078 6544236 1075368]
433,[1106523 1068719 925862 1089392 849003]
434,[1039781 1096099 1046587 5568378 934639]
435,[862732 8090532 5569230 8090537 5569471]
436,[1029743 953180 1106523 988843 943286]
437,[6534178 948670 913210 1106523 9884698]
438,[6034857 962991 1070820 9881593 951197]
441,[1124971 1038985 933835 1019247 1075313]
442,[1110843 1091365 6534178 1126899 835098]
443,[858918 873056 899624 982393 6602729]
445,[1126899 1068291 7441192 1103513 965041]
447,[1029743 1112627 1041796 983584 926905]
448,[1132771 1128016 9835695 7166861 1138443]
449,[6534178 965766 1029743 1025641 9858920]
450,[1005186 8015407 1093413 863762 933835]
451,[999189 934639 1044078 1109014 1070820]
454,[1029743 1044805 1068719 844179 6464208]
456,[1017363 901916 8090536 1108094 5569845]
457,[1029743 1005186 1051323 7410335 6391280]
458,[828588 828114 6034857 878775 843756]
459,[885290 863762 986912 13007846 12262832]
460,[885939 6534178 1127831 862732 1106523]
461,[1004906 918684 916122 1029743 6534178]
462,[1137775 1105917 1011926 890909 6513604]
463,[1106523 1046689 1055504 1036093 6534166]
464,[1029743 13877192 993638 1104343 1086061]
466,[1025611 1072523 999858 989069 844179]
467,[1106523 893501 1081177 6979089 9296804]
468,[1131506 1106523 1098284 965766 916578]
469,[951412 901062 6534178 6548453 1027569]
470,[908314 986596 6534178 1119784 871633]
471,[999104 934639 1106523 1127831 5569230]
473,[6534178 1053016 1060374 8249365 1056509]
474,[1068719 1038325 1130858 1029743 1106523]
476,[845193 906830 956125 5587656 1106523]
477,[6534178 1068719 1126899 12731432 1029743]
479,[845705 986912 910032 1005186 1037840]
481,[1074283 972416 895930 965766 12302069]
482,[910673 1051686 895166 13003402 965766]
483,[1106523 1029624 12695224 832678 1139216]
484,[1111129 1110843 6514287 1005186 823099]
485,[1029743 845193 6534178 899624 1044078]
488,[934639 1072523 993638 844179 12524691]
489,[6534178 1019247 986912 1043787 1087102]
490,[1075368 907631 9487534 944317 5569471]
491,[6534178 1055504 1056509 1126899 1084412]
493,[6534178 1068719 1029743 951197 1070723]
495,[1029743 913210 899201 1056509 835973]
496,[999270 823990 1106523 5570408 954651]
497,[1012913 976199 5567148 1070820 1027372]
498,[1106523 12171656 1028891 829950 1061228]
501,[878222 932949 965766 1065380 6396492]
503,[1070820 971983 1119405 1072693 8090536]
505,[962991 7441498 983267 1038325 874972]
506,[10456568 1007259 5568732 914190 6534178]
507,[1014948 857554 9858920 6534178 6533889]
510,[6534178 833724 929018 5591154 901062]
511,[1029743 6533765 6534178 899624 7433029]
512,[1106523 842392 899624 1108168 1044078]
513,[865026 844179 1132771 1093413 1018740]
514,[923169 866211 1110843 909714 1126786]
515,[1106523 854270 1004906 1081177 5585510]
517,[1126899 1028816 6534178 1062128 839419]
518,[1137775 901460 862732 6391557 1038985]
519,[888586 907099 962266 1029743 1100096]
520,[1106523 913210 8090537 1104343 1029743]
521,[8090440 1106523 1130729 923751 12517450]
523,[970861 898121 6534178 1005186 897088]
524,[1106523 1098844 945662 1125837 1029743]
525,[883003 1082269 1138443 1124971 1040807]
526,[6534178 913210 834117 397896 1101173]
527,[933835 1131321 1094924 12988031 5567582]
528,[914190 5585510 1081177 854852 1048257]
530,[935218 854852 839656 976199 1137694]
532,[878715 968695 1130729 1120508 1127831]
534,[855718 1124695 1110764 1055915 1109598]
537,[1116635 1065538 1128163 1034176 1004436]
538,[1070820 1098844 1082212 9296919 15972790]
539,[8014645 6534178 878715 972665 1006184]
540,[6391381 841016 1000237 5569993 1081177]
541,[1106523 899624 6534166 6533765 6534178]
542,[1106523 1068719 6534178 824796 916122]
543,[820486 989409 822517 1116770 879734]
544,[1070538 1006184 1104481 1126899 13007986]
545,[986912 13381458 1058068 1125943 934635]
548,[885406 1098435 1012913 1001333 998549]
550,[1029743 854852 1108488 835098 899624]
551,[919681 1070702 12298966 1046357 1011926]
553,[1037332 1029743 849202 1040807 1117602]
554,[1106523 824180 1070272 1072086 917532]
557,[857503 1126899 1127831 5569471 947875]
558,[1106523 10149640 983096 1056005 10150194]
560,[1029743 6534178 1104414 933835 1004906]
561,[6034857 909268 892314 913671 9803810]
562,[1029743 1115069 832678 957951 965842]
564,[1110843 6534178 878996 1018316 844179]
567,[10456164 986912 1089766 1106523 5568378]
568,[1106523 1005186 1083787 5585510 1038663]
570,[1029743 9676938 1007512 1044078 12672980]
573,[1106523 1029743 849697 9831557 1008032]
574,[1029743 933835 6534178 7166791 914190]
575,[1049735 1133101 8019233 1106523 6534178]
577,[1056509 1020739 827656 911454 1127831]
578,[847207 13007355 942166 1005186 854405]
579,[6534201 1029743 1091365 6534178 916122]
580,[1056509 1041796 940947 966348 1118946]
581,[880228 1126899 983584 1059593 6961492]
582,[1021324 6534178 854852 5569230 1044805]
583,[1021324 970605 1056509 1042544 5569230]
585,[1005186 1126899 8090536 5568072 878715]
586,[1029743 6534178 1004906 906335 897954]
587,[911470 945662 6534178 1068719 1106523]
588,[914190 6534178 1106523 933835 866211]
590,[1106523 1139216 1004906 916122 899624]
591,[895930 1004906 857538 908064 999858]
592,[1070820 1092937 1029743 5592094 1078666]
593,[1106523 853998 984575 1104027 870452]
594,[1106523 9835903 1044078 957232 832513]
595,[1106523 873847 1029743 865992 1013389]
596,[1106523 8090537 1025581 1084036 9527159]
597,[1126899 1106301 1127758 1029743 9523059]
598,[1105917 965766 12731544 1004906 1068719]
599,[1008547 5568800 9677378 5995626 8181159]
600,[1029743 6534178 916122 1021324 991592]
601,[1126899 6534178 1017363 907631 902640]
602,[1029743 1021116 6534178 944139 999613]
604,[7441668 914577 10150194 1090793 1024731]
605,[6534178 1106523 965772 948670 13133916]
606,[1029743 916122 970160 5568729 1007269]
608,[1106523 956902 9655528 1138487 5590965]
609,[1005186 1122358 1110764 1106523 1038985]
610,[8293382 5563739 948384 9296853 984715]
611,[1029743 12648296 6534166 1131438 5568072]
612,[1029743 826695 6534178 871061 12132648]
614,[1029743 1106894 965766 859426 1059347]
615,[976199 6534178 924834 1007512 13008334]
617,[951412 1022340 1126899 916487 1070820]
618,[1106523 1070820 986912 6534178 947798]
621,[1112825 1132771 869728 893501 1137775]
622,[1106523 986912 965766 1038663 12949590]
623,[1044078 1029743 1014732 6534178 1101010]
624,[1106523 6534178 844179 899624 1101173]
625,[933835 6602697 868764 890407 866211]
627,[8290421 1110409 1075170 1069003 951954]
628,[1029743 1101173 981086 5569230 9831557]
630,[1070820 12731432 6534178 6464147 6443350]
631,[6534178 899682 1117249 839485 841309]
632,[1029743 838571 1070820 6534178 916122]
633,[833940 6534178 961730 1075368 12302069]
635,[854852 1106523 970160 1081177 1004906]
636,[1029743 1106523 912681 6534178 1068719]
637,[1100972 1106523 15926844 919534 1037840]
638,[1029743 1059347 6534178 924427 1053530]
640,[1106523 1108168 1101932 9884698 1011141]
641,[1070820 1126899 1104349 1068719 857503]
643,[1029743 1109136 914190 6534035 890909]
644,[9297062 6534166 1068719 1023160 895680]
647,[1029743 1043751 6534178 1038325 8090536]
648,[854852 839419 899624 1125497 1081177]
652,[832678 847344 1065061 1101932 1013407]
653,[6534178 1037840 1056509 1004906 868764]
654,[864893 1040807 940766 944137 9836752]
655,[1029743 1044078 6533765 6534178 901976]
656,[1106523 1028816 5569230 926905 6534178]
658,[1029743 895930 1044078 965766 1068719]
659,[925862 904236 858918 5574108 844179]
660,[916122 1126899 862010 12988031 6534178]
661,[1138292 1004596 904359 997415 1055403]
662,[1070272 983584 1103105 1068291 893018]
663,[6534178 8181555 1134143 1036486 8090521]
664,[866211 1106523 903529 1068719 1004906]
665,[986912 1088771 875089 850102 5585510]
666,[914190 957232 1106523 972235 1110843]
667,[1005186 12946027 1130858 6534178 6534166]
668,[1005186 1048272 984715 1037332 8090537]
669,[1126899 1098844 951412 880427 1076056]
670,[1029743 899115 6534178 840640 885406]
671,[6534178 847434 1029743 1128016 1056509]
672,[983584 871756 6961848 12949590 860703]
673,[1080784 1068719 1005186 1106523 844179]
674,[1029743 940766 871061 1122358 861279]
675,[910673 6533765 6534178 1106523 940023]
676,[1106523 899624 898510 1044078 907631]
677,[914577 13506119 844179 995478 5568378]
679,[1013928 1137010 1075007 973016 8090521]
680,[930917 924978 864312 932464 993838]
681,[872066 850102 967461 1134483 8019916]
684,[1106523 1050851 1134161 6534178 1043494]
685,[1015539 1097398 13115971 895502 6534077]
686,[982469 971922 862152 823704 8090537]
687,[1029743 1106523 1138487 916122 8090521]
690,[1037840 1088771 6533765 6534178 922561]
692,[1067443 6534178 1004436 1019643 972416]
693,[1044188 1029743 1104349 1087102 1115576]
694,[1037840 893501 1138423 1029743 879734]
695,[1029743 6534178 1122358 995965 963339]
696,[1048483 976199 879393 894401 885023]
697,[879445 6534178 1070820 1027512 6602729]
698,[1005186 866211 1106523 1081177 9803601]
699,[899624 1043751 6534178 1029743 847066]
700,[1106523 1029743 899624 1101010 909249]
701,[913026 835098 959316 866211 970866]
702,[1029743 865456 6534178 899624 12731432]
703,[6534178 9884484 1404121 827667 901776]
705,[1029743 1106523 12757316 10251182 913249]
706,[1029743 6534178 834117 976199 872137]
707,[832001 951412 838186 845705 6463727]
708,[1029743 5565202 1092303 1068719 1069609]
709,[1075368 889692 899624 1106523 1029743]
710,[1106523 922636 6534178 1044078 1068719]
711,[1037840 864893 828393 1098284 7166672]
712,[1070820 872137 999270 921504 1056509]
713,[1029743 5569230 1052294 6534178 9803545]
714,[1126899 1130858 899624 944139 5568378]
715,[12731544 1087102 1082269 1130858 1093413]
716,[916122 1126899 12263841 999858 985999]
717,[6534178 1005186 1087102 974156 1016298]
718,[970605 916993 995965 950894 1137775]
719,[933835 895930 1106523 819978 1040807]
720,[1055504 1056212 1115069 879734 909714]
721,[1126899 862732 930918 7168286 878775]
722,[1106523 920958 885356 854852 882247]
723,[827079 1022340 1082212 916487 9419443]
725,[1106523 893501 899624 1126899 914190]
726,[880427 995965 951412 1007959 852600]
727,[1106523 1118012 995876 1038663 848970]
728,[1029743 6534178 1069039 899624 976199]
730,[1126899 971983 954347 8293447 9419268]
731,[6534178 971957 1005186 1063207 1091365]
732,[6534178 869728 1038684 1070820 976199]
733,[839818 5566472 5569471 1029743 870390]
734,[6391381 1029743 970160 1055504 6534166]
735,[1106523 1072523 1043663 844282 1041032]
736,[1029743 955921 966778 918684 894426]
737,[1121393 1041796 976199 5981072 7025362]
740,[6034857 1099945 956672 1014948 1024306]
741,[13654702 13213604 1109598 916122 903738]
742,[1106523 965766 983584 1114653 6534178]
743,[866211 1051323 1059994 908318 999779]
744,[6534178 1051323 899624 1056509 844179]
745,[854754 901062 1070272 854852 957063]
747,[1021715 1086740 961792 991592 5569230]
750,[965766 866211 845705 919534 1044078]
751,[1054216 965766 1029685 969039 947201]
752,[986912 933835 1098844 10285005 6534178]
753,[1029743 10285005 980246 1029477 1070820]
754,[1036347 901062 1126899 1005274 9859052]
755,[6534178 7168890 1005186 1091365 279994]
756,[1021519 849870 1039578 999779 1090931]
757,[852856 5569471 1044078 947201 961756]
758,[397896 5568249 968363 916990 9677939]
759,[906844 1131374 5568447 1091365 978974]
761,[914190 1106523 1029743 905072 6534178]
762,[1091365 6534178 986912 938319 1068719]
764,[1029743 6534178 965766 1092502 904574]
765,[6534178 899624 1050851 857503 827180]
766,[901062 1096556 1098844 848319 959179]
767,[1042571 868548 999198 1102067 1071342]
768,[1029743 913210 9526572 834117 6534178]
770,[1029743 6534178 1085138 5569230 1044078]
771,[6034857 9419525 940947 1068719 1044724]
773,[835973 909714 13505572 1131374 6548453]
774,[5568378 936924 829291 1029743 829001]
776,[1029743 871756 907631 1043971 842140]
777,[6544236 862725 1070820 6533608 897306]
779,[976199 1009187 963365 6533362 848319]
780,[1112205 937374 995628 1048727 1098844]
781,[912681 871061 854405 5578437 991546]
782,[5568378 1074868 1137346 861279 8090521]
784,[6534178 912681 1139782 5569230 1102250]
785,[6534178 1126899 8019186 6533681 1072917]
786,[1106523 972665 878715 933835 1065538]
787,[857538 1079528 957736 1082212 999104]
788,[6534178 6533765 996425 1029743 5568378]
789,[922561 883003 1101010 12384953 976199]
790,[9297310 7409944 1100273 5570406 1043494]
792,[993638 1034462 976199 986912 965267]
793,[1068719 6534178 1087605 1048727 947201]
794,[1126899 857503 904833 950638 1051211]
795,[1043751 956125 1044078 910032 1029743]
796,[969866 1124823 896613 916122 993638]
797,[1029743 1048257 6533368 883003 842470]
798,[13841744 6534030 1110843 6463742 1126899]
799,[1126899 6534178 1050851 901062 946839]
800,[6391086 1104343 9677236 1029743 5590965]
801,[914190 1029743 9245106 976199 9884698]
802,[1005186 1041796 983584 827667 1004906]
803,[897306 1104649 843259 969866 1004906]
804,[1029743 1101010 5587656 1122568 933835]
805,[899624 1029743 6534178 868764 916122]
806,[868539 1029743 1056212 9935616 5569471]
807,[6534178 1029743 6034857 838186 965530]
808,[1029743 6534178 1028816 992151 1100972]
809,[13672065 1135822 1005186 926422 9926758]
811,[1029743 5568378 829323 916122 930917]
812,[1021116 896862 926307 885290 1029743]
813,[951412 939323 6534030 832513 935393]
814,[907631 854405 825365 935842 1101173]
816,[1075368 13213475 5565925 1054539 901062]
817,[1070820 1025641 1092588 843756 1094924]
818,[6544236 1029743 893501 6534178 6602729]
820,[8090509 947798 1037840 12648296 1108168]
822,[1005186 940947 937292 917407 8065410]
823,[6534178 986912 1103105 844179 913210]
824,[873056 1106523 1046689 13115579 1086061]
825,[843756 6533889 913210 1110409 976199]
826,[12384431 986869 1037840 961620 1030093]
829,[1104414 960791 1132771 1137775 1101010]
831,[1069003 1005186 1075214 1100972 957736]
832,[1106523 1029743 1126899 1134483 887393]
838,[844179 1029624 1112238 825994 883940]
839,[852145 13776705 888092 1014116 837569]
840,[1029743 1068719 927238 1090884 1117393]
841,[1106523 852015 6534178 1135468 1044078]
842,[1029743 9245108 6534178 1005186 6533765]
843,[845193 899624 1106523 1029743 1081177]
844,[5566472 1123146 1128016 923670 951561]
845,[6533889 8090533 825994 885290 6533362]
846,[847344 829291 837865 1004906 999198]
847,[6534178 1005274 1041796 901062 1016276]
849,[843756 961979 970030 855202 854754]
850,[957232 1044078 823990 1072685 1128244]
852,[1126899 1106523 1092303 901062 1127831]
853,[6534178 6904485 9859017 6396174 970030]
854,[899624 945998 5568378 7442008 1027168]
855,[1029743 1005186 963868 1098844 986912]
856,[1068719 871756 990797 6534178 1029743]
858,[1070820 1023815 910473 12524365 1036347]
859,[1075368 5569230 832678 6395907 6534178]
860,[866211 1029743 893501 1053282 868764]
861,[899624 1072523 1106523 5585510 1075796]
862,[832678 1068719 1053282 1038663 908318]
863,[6534178 1029743 1005186 5569135 1037337]
864,[1101010 895930 899624 883003 8090521]
865,[899624 1106523 1075368 6443332 838186]
866,[1106523 983584 844179 1044078 6534178]
867,[6534178 983584 986912 1110409 937928]
868,[6534178 9884484 1022097 1070820 1005186]
869,[1068719 826842 834962 8019216 983000]
871,[866211 1029743 880150 897083 913210]
873,[1029743 1122358 6534178 1065979 1051211]
875,[971983 1126899 947875 836085 986912]
876,[6534178 843418 916993 12782182 1003649]
877,[1126899 989683 10456152 871061 1113667]
878,[1106523 947798 912681 838186 986912]
879,[6534178 861706 862682 904997 898510]
880,[1097382 866211 920426 880308 921836]
881,[1029743 9884698 1108168 890695 990797]
882,[1029743 1106523 957063 6534178 1137775]
883,[8090440 1005274 1057749 1110111 857503]
884,[974156 986912 1015539 5981072 965766]
885,[1106523 871756 866211 1006483 1068719]
886,[868764 1070820 863762 6534178 893501]
888,[911470 1029743 916122 1131382 6034857]
889,[1070820 6534178 1126899 880427 9881592]
891,[1093571 866211 13654702 995965 892573]
893,[1106523 872137 1100972 925862 15972565]
894,[1081177 6602697 841309 9297062 6034857]
895,[7024847 866211 1008596 6534178 9829205]
896,[1126899 913210 6534178 899624 819978]
897,[928263 1079528 5569374 941198 1070820]
898,[6534178 1028816 1029743 6534166 893501]
899,[1029743 1106523 844179 919534 1007136]
900,[972418 986912 6979579 6534178 1068719]
901,[937566 1114605 899624 955921 1132198]
903,[1126899 6034857 1026235 880427 1005274]
904,[1106523 983096 891505 913210 836445]
905,[6534178 8290421 1029688 1093571 860248]
906,[6533889 860703 1005186 1137507 911974]
907,[986912 950550 1092588 8090539 1029477]
908,[1070820 1068719 1029743 916122 1078666]
909,[1014948 823862 1122928 1041796 1100972]
910,[14077333 940947 5582712 826597 8119103]
911,[901062 6534178 1092303 1126899 5563693]
913,[1070820 994223 1134810 1091383 1029743]
914,[1005186 986912 1110843 910032 1044078]
915,[880150 957232 1068719 1128163 1056509]
916,[824193 1075368 1006483 913210 6534178]
919,[1029743 983584 12384775 1106523 9835960]
920,[1106523 6534178 1118264 1097001 1058709]
922,[6534178 850768 1132198 1058404 1130581]
923,[6534178 883819 6533765 1014948 1106523]
924,[1029743 964968 974524 935393 962991]
926,[6534178 1138443 1134633 6533765 1087102]
928,[1005186 1007136 6534178 866211 1110764]
929,[1070820 6534178 845193 871188 1068719]
931,[1029743 1040807 1041796 1042544 913210]
932,[1127831 7433888 1106523 899624 8090537]
933,[1106523 983584 1056509 1044078 1042544]
934,[1106523 1004906 1088147 904997 1068719]
935,[6534178 922561 828588 1132771 9836195]
936,[1029743 1106523 13672065 983584 9859112]
937,[1126899 1021116 1134810 13189861 972445]
939,[1106523 822407 13841744 1103105 1102416]
940,[10456164 9526448 975649 1019637 1074040]
941,[6534178 1005186 9677236 916122 874750]
942,[1015539 1029743 988116 1014388 897954]
943,[1106523 940090 6533765 6534166 13381584]
944,[6534178 1101010 1132771 1106523 866211]
945,[1029743 1043751 835098 13841744 866211]
946,[1068719 1121059 1106523 866211 937343]
947,[1075283 12731544 895930 944486 1081177]
949,[1029743 6534178 6034857 940947 933835]
951,[1029743 6534178 844179 917406 950638]
952,[1075368 1029743 1122358 843464 1037840]
953,[1029743 877310 999104 903233 6034857]
955,[1106523 1044805 866211 1044188 6533765]
956,[1070820 6534166 986912 1136719 899624]
957,[1032703 14019790 943522 6534166 6533765]
959,[1029272 10455984 6534178 13654702 969977]
960,[6979437 886395 1053016 1030406 1036347]
961,[986912 1070820 1029743 956672 1088234]
962,[854754 940947 8014645 848319 1105917]
964,[1106523 1068719 8090537 1044188 909714]
965,[871756 6904613 844179 12301100 1044078]
966,[1029743 1017369 838186 849870 1011457]
968,[1075368 1029743 983584 5569327 916122]
970,[6534178 1063577 1122568 1039672 940947]
971,[1075368 970030 866211 819978 9677303]
972,[6632283 6534178 832678 13008334 868764]
973,[921406 944836 5570685 1000542 1011312]
974,[914190 846764 1101173 1000753 835300]
975,[5569327 6533889 995965 856215 868888]
976,[1005186 843756 914190 5568729 1029743]
977,[902396 893501 1005186 1113438 862682]
978,[1070820 1111129 1106523 871756 999104]
979,[899624 1008547 965766 1106523 944836]
980,[917427 1127758 1027068 6534178 854852]
981,[8290421 6391497 901460 1092937 5582712]
982,[5563693 1029743 6534178 1112627 1072523]
983,[1029743 1075368 913210 834117 5568378]
985,[1029743 1040807 6534178 5568729 397896]
986,[1134143 1029743 1029624 8090440 837908]
988,[1070820 6534178 1056775 970866 1044188]
989,[1029743 1089766 1106523 986912 1031864]
992,[1005186 1063207 9487286 1048300 1054483]
993,[8293439 945909 8090539 971922 1101010]
994,[1068719 1029743 1029624 990797 820122]
996,[953539 15831255 948670 853038 1009187]
998,[899624 6534178 1037840 8090521 1068719]
999,[1029743 983584 6704207 857540 944139]
1000,[12427353 986912 957232 1007269 6034857]
1002,[871756 5981267 1051211 1127831 990797]
1004,[6534178 995628 1029743 859154 961620]
1005,[1004906 954102 992529 12731714 1132231]
1006,[6534178 848270 943362 844179 5569471]
1007,[1029743 835619 9575582 951227 886481]
1008,[6534178 10341234 910473 996955 13115501]
1010,[6534178 9527323 10284966 1036093 845705]
1011,[6534178 951412 916122 1081919 944836]
1014,[1029743 6534178 866211 948670 1121393]
1015,[1005911 857503 1037332 1090676 947412]
1016,[1126899 951412 1110111 6979803 897954]
1017,[893501 1116770 8090537 965766 866211]
1018,[1070820 862732 883068 8090521 5569374]
1019,[1106523 1028816 863447 1081177 1068292]
1020,[1070820 899624 1122112 828278 833724]
1021,[1029743 1070820 852856 1122358 1014948]
1023,[9859182 6533889 963835 974204 919423]
1024,[940947 1106523 1092885 999779 1043751]
1025,[1106523 1029743 983584 1128464 1044078]
1027,[862799 1132771 899624 914318 1067795]
1029,[6534178 1040807 1048257 896666 1126899]
1030,[1070820 986912 987218 934399 823775]
1032,[397896 1053282 871756 822739 833458]
1033,[13654702 914190 937292 999270 12262778]
1034,[1126899 1100096 6534178 934639 907099]
1036,[1082212 1116020 926233 936914 1106523]
1037,[1036262 933102 916122 1130858 12262830]
1039,[1029743 972665 9419422 835098 820923]
1040,[1126899 999090 1075368 1002178 916993]
1041,[1005186 1106523 1115098 1044078 1029743]
1042,[6534178 951412 893501 1048352 856252]
1045,[6534178 1029743 971922 834117 1005186]
1046,[1126899 1005186 6034857 888104 6534178]
1047,[899624 12301100 1040807 819255 844179]
1048,[6534178 1042571 835098 925862 1101010]
1050,[6534178 1106523 899624 1004906 1068719]
1051,[1029743 1072523 12731714 13003402 6534178]
1053,[1005186 903800 970030 835279 971922]
1054,[1029743 893867 997479 8090532 8090537]
1055,[1068719 980943 1029743 9575582 1041796]
1057,[1005186 1117219 1033913 1110843 869835]
1058,[6533765 933835 10341855 6534178 1029743]
1061,[1106523 899624 875089 1068719 1048727]
1062,[1029743 949142 957736 1042544 940947]
1064,[965766 1118012 5568378 909714 923789]
1065,[1072917 1106301 1041796 1068719 1106523]
1066,[924352 835098 1100972 984715 1082141]
1067,[1029743 1126899 1075368 1132771 866211]
1068,[1025611 1101173 942525 986912 999779]
1069,[923314 1029743 999858 904129 916122]
1070,[6534178 1029743 1134398 908064 8293439]
1071,[1029743 1091365 986912 958700 1050851]
1072,[1138467 10149656 1029624 1005186 1103105]
1073,[1013597 893400 13008327 885356 1005186]
1074,[1029743 6534178 940947 1074754 1088147]
1075,[938554 1029743 10149640 1002850 844179]
1076,[1075368 1089954 865456 8090521 1101173]
1077,[937292 6534178 891632 871756 893018]
1078,[1126899 1106523 1098844 6534178 965766]
1079,[6533889 887393 9296804 1093603 825343]
1080,[1106523 1029743 8090537 854716 1090931]
1081,[899624 1106523 908318 1024319 972665]
1082,[1106523 6534178 988202 1004906 947798]
1083,[8065410 1014054 908843 950894 999270]
1084,[1122358 6704207 956486 879008 843744]
1085,[1029743 6534178 7409957 1040807 1106523]
1086,[1076954 977093 854852 1008074 844179]
1088,[1045478 1077600 1068719 997011 1136524]
1089,[1029743 947798 6534178 1006483 1108168]
1091,[1029743 6534178 1139142 887744 998558]
1092,[1014948 13841744 1067779 1128016 1110764]
1093,[878676 1004906 914190 854405 12302069]
1094,[933835 1051323 1029743 976199 1034955]
1095,[854852 1127831 5578547 951412 1028816]
1096,[900703 1125278 999250 1027090 6773232]
1097,[8090440 838186 1106523 6533889 6534166]
1098,[6534178 10341855 5585510 983584 1068719]
1099,[5568378 8090532 8090521 5569471 868764]
1101,[1086740 8019977 397896 1115971 959821]
1102,[1029743 1086483 965766 865456 835973]
1103,[1126899 6534178 838637 1029743 1012913]
1104,[901460 5571261 1114605 1040812 830887]
1105,[890620 970747 1046827 5569230 829617]
1106,[868764 12757316 1129049 831509 951821]
1107,[965766 940766 822407 857503 869573]
1109,[899624 1070820 836085 940766 948670]
1110,[843756 1070820 1106301 1008288 1031316]
1111,[1106523 1028816 927681 9419525 1004906]
1112,[6533889 1075368 1010681 6534178 972445]
1113,[1126899 916122 843756 10455984 1087081]
1114,[1029743 1044188 910032 937791 999198]
1116,[1106301 851241 1029743 1068719 1041796]
1117,[1106523 6534178 879504 5569230 8065410]
1119,[901460 940947 892376 844179 1029743]
1121,[914190 925862 871756 1092937 6979545]
1123,[986912 1126899 857176 871756 913026]
1126,[1126899 1089954 1047619 6039994 826666]
1127,[858918 999599 5569230 896085 6034857]
1128,[1044188 999198 921406 1015785 1067606]
1129,[858439 1029743 6534178 1037332 970030]
1130,[1137775 899624 12731544 1093413 1068719]
1131,[1029743 1075368 864893 950206 1029624]
1133,[1098844 8290421 914190 1055504 1029743]
1134,[1106523 1070820 948670 1042571 854852]
1135,[1029743 1019247 972235 1136719 6464166]
1136,[1106523 1029743 983584 5568378 999858]
1137,[914318 935527 885290 12427353 868764]
1138,[5571444 15926886 941515 7442008 8015407]
1140,[1029743 15972565 925862 13213057 884694]
1141,[914190 1056509 1029743 1093113 1029624]
1142,[6534178 882826 965766 963835 1067695]
1143,[5569230 897306 983584 914190 865456]
1145,[986912 1005186 1094308 1132204 1106523]
1146,[6534178 962967 1029743 1092303 889509]
1147,[1106523 930917 914190 9835509 1132911]
1148,[6534178 1001475 1113780 823862 999250]
1149,[999250 8090440 1041796 6534480 1028816]
1151,[13189919 1136524 1122358 6602697 982469]
1152,[1110111 1029743 847344 893501 1090507]
1154,[1106523 1000148 835296 971983 983584]
1155,[1106523 1029624 1014116 965766 893018]
1156,[15926886 1007136 5592694 12183644 1065167]
1157,[1070820 1069506 1048352 1121384 960732]
1158,[1049735 1106523 6534178 1098844 1124695]
1159,[6391080 1097280 1050741 856210 8090532]
1160,[1106523 1068719 12301100 1029624 871756]
1163,[1029743 6534178 1056509 1004906 1099802]
1164,[1070820 13654702 1002178 1040435 885406]
1165,[862860 966170 845193 6534178 1029252]
1166,[1029743 6534178 1068719 899624 821209]
1167,[1070820 6534178 1062002 1110743 8019977]
1168,[983584 1019637 1106523 878715 1029743]
1169,[1106523 12946027 832678 929373 1127758]
1172,[1029743 963686 1122358 911017 1029688]
1173,[6534178 13511822 1104343 963971 830245]
1174,[1106523 1068719 896862 871756 976199]
1175,[8066803 962266 6534178 6534166 1098844]
1177,[990897 1062002 1125278 934639 9926758]
1178,[6464165 1104343 1004906 6534178 992622]
1179,[1056509 6534178 1076769 1065979 1116050]
1180,[1029743 6534178 1068719 5587656 1122358]
1181,[1029743 1106523 1038663 1075368 854405]
1182,[1068719 899624 842392 880150 1106523]
1185,[1106523 914190 844179 1121360 899624]
1186,[1098844 1126899 903800 6034857 872137]
1187,[1068719 910673 1106523 7409842 990797]
1188,[1005186 1106523 914190 843464 1048727]
1189,[1106523 904997 1015296 1068292 829323]
1190,[1029743 6534178 928263 12810393 8090537]
1191,[842140 1121656 999104 986912 916122]
1192,[958700 938554 830887 884333 833347]
1193,[1013928 913210 1106523 1068719 834117]
1194,[1005186 1106523 1038745 1044078 910473]
1195,[1075368 1049372 945998 15830972 889989]
1196,[901062 1070820 1012801 919596 885023]
1197,[6534178 1029743 1013407 9677466 9859111]
1198,[915064 879506 1098844 1024306 914190]
1201,[9527159 5567502 8090537 1110764 906335]
1202,[13382402 9925966 5567148 836085 880234]
1203,[1106523 866211 1069506 6534178 1042438]
1204,[1106523 1037840 926905 1029743 983584]
1205,[1029743 1072086 913210 833598 1068719]
1206,[1106523 1088910 7409618 1134483 1044078]
1207,[5569374 1108168 13115501 883202 8090521]
1208,[970030 6534178 1106523 866211 5570408]
1209,[1107839 938319 1093571 957951 885592]
1211,[918598 879504 1037631 8065410 13654702]
1213,[1029743 837107 6534178 1010950 1075175]
1215,[866211 909714 1027849 859160 1027835]
1216,[946995 1005186 10344585 999625 5569230]
1217,[1029743 1106301 1075368 6534178 1004906]
1218,[1070820 824180 838186 916122 1027168]
1219,[860469 1047968 9836106 12301109 12524016]
1221,[1029743 1055504 987006 909714 999104]
1222,[933835 849505 1106523 1037840 1091090]
1223,[1106523 1029743 1021324 5569230 8090521]
1224,[1068719 999779 912681 1106301 1029743]
1225,[1106523 1029743 1091520 1106301 5565392]
1226,[1070820 935796 12946027 881047 1081177]
1227,"[ 6534178  6533889  1029743  6534166   916122  6533765  1106523  5569230
  1127831   844179  1044078   874972  5569471  1126899  1005186   866211
  1070820  8090521   986912   854852  8090537   878996  1000753  1004906
  1075368  1070702   899624  1081177   854405   933835 12810393 12810391
  6544236   982469   985999   839419   863447   948670  1065538  1024306
  1068719   910032   999858  1013928 12262778   913210  5568378  1012587
  6034857  1038663   849202   965267  5569845   880150   834117   993638
  1110843  1018740  1051323   878715  1049788   893018  1006184   901062
  1037840  1040807  1108094   995965   968072  1101010   930118  5569374
  5585510  1105488   965766   883003  1101173  1043751   940947   904129
  1034176   983584  1404121   848029  1021164   914190   951412   897954
  8090440  1056509   909714  1025611  1087102 12301109   944534  1138443
   863762  1023720   823990   970747]"
1228,[1005186 6534178 1106523 1041796 5569471]
1229,[6534178 1070820 862799 1037332 916122]
1231,[1029743 8359154 961991 837304 1014116]
1234,[916990 866211 933354 885406 1127716]
1235,[893501 6534178 8249443 972515 1121213]
1236,[965766 1037840 969568 999779 1056509]
1238,[829323 1029743 834826 858918 916122]
1239,[940947 1106523 1012701 1087102 949742]
1240,[1070820 913210 944836 1044259 6533889]
1241,[1029743 1075368 1037840 969568 1021116]
1242,[844179 1070820 1019247 8019233 985999]
1245,[6534178 992529 969866 936117 1068719]
1246,[1126899 6534178 1097635 1040807 866211]
1247,[1126899 1029743 899624 1040807 933835]
1248,[1106523 888054 925862 915459 865511]
1251,[901067 1082990 960613 6534178 897954]
1252,[1047619 1029477 843756 1119946 8090533]
1254,[854852 12811532 1087102 916122 1105488]
1255,[6534077 845774 1072523 1106523 8090509]
1256,[1058939 1122112 1000542 828278 1122115]
1258,[914190 5569471 999563 852600 1051211]
1259,[916993 6533608 1044078 8273833 960732]
1260,[925425 949257 901888 9859128 15972790]
1261,[840227 6534330 866211 6534178 1056212]
1263,[866211 10198378 6534178 10150101 12262778]
1264,[1029743 1087618 820612 1039126 952972]
1265,[1042544 1029743 865992 5568378 879504]
1266,[12757316 899624 912681 8203851 981288]
1267,[1098844 1005186 1036699 922092 916122]
1268,[1070820 955431 940947 915459 1082990]
1269,[899624 827919 1106523 908318 1029743]
1270,[1106523 923751 919681 893651 1041796]
1271,[1029743 835098 864279 947412 1098844]
1272,[868764 974766 1005186 893651 6514085]
1273,[1106523 908064 864805 893018 7462562]
1274,[1070820 5569792 1091342 963835 8090537]
1276,[835098 1081177 869857 943362 878996]
1277,[1106523 1006483 921614 6534178 990797]
1278,[1106523 916122 1108094 6554400 944534]
1279,[965766 1106523 969866 1106116 1036347]
1280,[1017127 1031864 893501 868764 1014948]
1281,[1135802 6534178 965842 6533765 7168417]
1282,[1106523 1068719 899624 1044078 922092]
1284,[15926886 15926844 899624 1004906 1106301]
1285,[947201 1106523 970605 5569230 1035676]
1287,[965766 872137 1005186 1042438 854852]
1288,[1081177 897954 1090587 903233 1062002]
1289,[1029743 9677454 1064213 1055155 5569230]
1290,[1005186 1081177 933067 836445 939636]
1291,[1106523 6464208 1044078 1132771 837270]
1293,[1044078 1126922 1004906 899624 844179]
1294,[1126899 976199 1029743 1028816 999965]
1295,[1029743 7410335 1038663 910032 1072523]
1296,[1005186 873056 901062 935578 831587]
1297,[6534178 867138 854852 1106523 1068719]
1298,[1004906 824193 901776 1125077 931255]
1299,[6534178 1029743 913210 899624 834117]
1300,[6534178 1106523 1070820 1055504 819927]
1302,[832678 1029743 12301405 1127716 998119]
1303,[1131892 1091365 6534178 1029743 976199]
1304,[1106523 1029743 1118623 871611 6772950]
1305,[1106523 907631 944139 1069538 983584]
1306,[1068719 1005186 1029743 12301839 871756]
1307,[1005186 13654702 986912 9297574 926422]
1312,[6534178 983584 1029743 911974 1045586]
1313,[1029743 7160764 1127831 885447 1072523]
1314,[1029743 6534178 1102416 963365 1050741]
1316,[1029743 982790 919534 871756 965766]
1317,[1029743 1016298 5568378 1005186 7442008]
1318,[904241 925862 6602440 1046816 941368]
1319,[916122 844179 1029743 947326 841220]
1320,[12731432 14077333 825343 965766 896613]
1321,[1106523 930917 893018 9803545 1113381]
1324,[1029743 1126899 6034857 1056509 937292]
1325,[1098844 951412 14106445 6602327 9337958]
1326,[1029743 6534178 6533765 1044078 983584]
1328,[912681 875089 1029743 1132771 1068719]
1329,[986912 1110843 1008032 841220 866211]
1330,[1106523 856252 1040807 819978 910032]
1331,[1029743 1031316 1041796 7442007 822524]
1332,[954110 951412 986912 1112205 13071902]
1333,[1126899 888586 1027569 1053988 13841744]
1334,[5569327 907631 1054185 969945 8090519]
1335,[1010681 835973 1129174 8358383 836286]
1336,[1029743 916122 883003 827180 1130858]
1337,[6534178 1029743 923670 983584 914318]
1338,[1106523 842392 1014948 1138353 8065410]
1340,[1137344 9419487 916122 992529 1077373]
1341,[990797 1048352 5591083 5585701 5591814]
1342,[5591939 1102845 898363 6534178 986912]
1345,[1029743 914190 828143 838186 940766]
1346,[866211 5574377 5569309 1127831 1021164]
1347,[957232 1029743 6534178 984680 6533889]
1350,[965766 1029743 872137 899624 9835903]
1352,[871722 6534178 1116050 10149640 1004906]
1353,[1068719 899624 1137346 15926844 886996]
1354,[1005186 6534178 1110843 866211 1007136]
1356,[1070820 939527 1105917 951727 5569230]
1357,[1070820 866548 843756 6534178 983897]
1358,[1029743 1106523 933835 965766 1041796]
1360,[1076954 9859128 9858742 1087411 1014116]
1361,[833458 933835 1131634 1062117 6034857]
1362,[7169088 1121393 921406 7168026 1097350]
1364,[1005186 1029743 1116096 1119667 999250]
1366,[5566800 1126899 6534178 14106445 1101010]
1367,[839243 940947 1119830 1104343 1004906]
1368,[1078652 1070820 862799 9297191 1029743]
1369,[1126899 857538 824180 1027691 1104414]
1370,[1068957 919534 5563693 899624 1106523]
1372,[1137775 1106523 990797 1087102 1017838]
1373,[6034857 835098 1087081 5585510 1081177]
1374,[1106523 1004906 1081177 1037840 896613]
1375,[6034857 1029743 1106523 916122 7409940]
1376,[1029743 6534166 6534178 914190 1034176]
1378,[9653535 6552318 12946027 1037332 909268]
1379,[1029743 828278 862732 6534178 993379]
1382,[1029743 8090508 914190 6533368 1070782]
1383,[909714 13190349 9655242 6034857 872177]
1384,[1004906 1106523 999270 880150 985999]
1385,[1029743 953677 912681 890909 1112754]
1387,[854133 1017369 944534 9297062 1068504]
1388,[1022066 6534178 1041796 873577 1068865]
1389,[1098844 1121694 871756 10150194 964120]
1390,[1029743 1005186 999858 12648296 1101175]
1391,[6534178 1110624 1110843 6034857 1005186]
1392,[1068719 913278 843756 1070538 5569471]
1393,[12757544 843171 1010259 1126899 6919082]
1394,[940947 845975 12301073 9677236 6034857]
1395,[1126899 13672065 6533608 880427 987006]
1397,[1106523 1085983 7410071 918046 1068719]
1398,[902172 5569471 1050741 999779 916993]
1399,[1093571 1004001 6034857 1133191 855718]
1401,[1044078 1043663 1029743 1106301 992529]
1402,[1106523 939636 889863 966778 969866]
1403,[1075368 1052294 8091550 6534178 5569230]
1404,[1029743 845193 1054216 912817 7147915]
1405,[6533581 976199 835098 1056509 1029743]
1406,[1029743 933835 1138443 996087 1087102]
1407,[1029743 866211 1055504 1127701 6464166]
1409,[1116050 942565 998558 914190 1116020]
1410,[1029743 12263692 1044078 1031316 1070702]
1412,[1029743 9487606 885290 1032512 862799]
1413,[1044078 12599756 1029743 6552318 824931]
1415,[902640 1009368 874972 852080 1101502]
1417,[10198378 6533889 1106523 913210 12484608]
1418,[956672 1131892 948670 1070820 990797]
1419,[1106523 1044078 1019637 868909 1114653]
1420,[1029743 995876 397896 1106301 7168417]
1421,[1029743 6534178 899624 15926886 1043751]
1423,[6534178 5981267 13008334 927080 13007435]
1424,[1029743 1082212 1024306 1127831 5565187]
1425,[1029743 940947 845193 1101010 1005173]
1426,[1029743 5565322 5568378 1101173 916122]
1427,[866211 912681 1075032 909714 1044078]
1428,[6534178 1029743 913210 976199 8090532]
1429,[1126899 948670 842392 898363 7168383]
1430,[1007512 13877012 1093413 1068719 5569230]
1431,[1021324 916122 832678 1060292 5569230]
1433,[15831255 1121393 899624 849202 1081177]
1434,[1075368 1121213 847139 953609 908283]
1437,[1044078 945652 1068719 1044759 828143]
1438,[1028816 1026235 930118 1121193 1063207]
1439,[986912 1050851 857503 1110764 978129]
1440,[1106523 6534178 1056509 1029624 1029743]
1443,[906844 1130397 1111080 819927 1063907]
1445,[6034857 951412 1044724 1009361 5568729]
1446,[937292 1004906 6534178 9296804 981677]
1447,[869577 15741861 868683 5565719 9836106]
1448,[1029743 9707498 910032 1068719 1101010]
1450,[6534178 6533765 9527417 833351 1127758]
1451,[1070820 6534178 1121393 1044078 1025641]
1452,[1013928 837495 1029743 1106523 1008032]
1453,[8290421 7168619 1055504 7167836 6034964]
1454,[1045228 1029743 6534178 914190 1137775]
1457,[1106523 910673 1044078 5568378 912681]
1458,[6534178 1128016 990797 933067 962266]
1459,[872137 934948 844179 948832 857130]
1460,[1127831 916122 1060193 857503 1139638]
1461,[1029743 6534178 1068719 12132648 914190]
1462,[885290 914190 890695 951412 997423]
1463,[10284946 8090560 6534178 8090537 986912]
1465,[824180 872137 921406 976199 971922]
1467,[1005186 6534178 1029743 5569327 986912]
1470,[1029743 1063739 1070820 6534178 912704]
1471,[913210 1038684 6534178 1126899 834117]
1473,[1126899 866211 1093571 845705 1098844]
1474,[1106523 933835 5581335 844179 13841744]
1475,[914190 963971 1056509 1070820 1048727]
1476,[907099 6533889 6534166 823099 964462]
1477,[1029743 940947 961979 986912 1061402]
1479,[977374 1029743 932462 1036486 7154535]
1481,[1068719 885290 827656 1027569 6534178]
1483,[6534178 861279 971922 1083446 899624]
1484,[1004906 915459 925862 995628 1104343]
1485,[1106523 1075368 878715 1056509 1108094]
1486,[1126899 1076842 878715 893018 870633]
1487,[940947 832678 1029743 5569230 8090440]
1488,[1126899 979674 1029743 6534178 1075175]
1489,[1132771 1121384 1074754 1122358 9553335]
1490,[9297574 8290421 6534178 9297062 900703]
1491,[1029743 1106523 901062 928749 965766]
1492,[1068719 901062 1029743 12731517 1105917]
1493,[1106523 1097001 8090521 6534178 998558]
1494,[1068719 824180 899624 998558 934639]
1495,[1068719 986912 12731544 1011974 1036347]
1496,[1029743 1041796 894401 995880 865456]
1498,[1092303 1062283 862725 969977 885023]
1499,[14106445 1088147 944486 1018822 840227]
1501,[1070820 872137 1098844 8019186 6534178]
1502,[949242 1070820 7025326 971922 1027569]
1503,[1116050 5585510 5981072 9653714 1004001]
1505,[1005186 868764 997025 1043920 1040807]
1506,[12301100 1044078 1004906 14077333 1092149]
1507,[13841744 6534178 899624 1043751 1106523]
1508,[1126899 951412 871722 1122358 932949]
1509,[1029743 1028422 6534178 1042438 903800]
1510,[986912 6534178 1005186 6534166 914190]
1511,[1106523 983584 845193 1029743 907631]
1512,[1404121 6534178 1005186 1029743 983584]
1513,[1029743 1137346 897306 1075214 983665]
1514,[1126899 7168383 1081177 949991 1006184]
1515,[933835 971922 1101010 911454 1005186]
1517,[1070820 819978 1137775 983584 836286]
1518,[8203851 825343 1124029 12302069 1036249]
1519,[1070820 857503 1004906 15972790 6034857]
1520,[1029743 6534178 5577022 947326 15926844]
1521,[977499 849505 940947 1134678 1014238]
1525,[1029743 871756 1068719 866211 965766]
1526,[7166723 986912 862732 1109778 1097635]
1527,[1029743 6534178 872137 862335 1101010]
1528,[1029743 6534178 983584 1006922 1075368]
1529,[1012913 6534178 965530 936117 1069039]
1532,[914190 8090513 5569471 1067425 911609]
1533,[971474 1131892 1127831 1005637 1028421]
1534,[6534178 1070820 1092040 1044805 15926507]
1535,[1106523 1005186 844179 1002787 832678]
1536,[6534178 1029743 901776 1075368 865511]
1537,[1029743 6534178 1106523 1042544 12731432]
1539,[1007136 824193 1033403 1068719 839243]
1540,[7442008 893501 5568378 911311 868764]
1541,[1029743 849578 1012801 940947 970866]
1542,[957232 5569172 865456 12695224 8090521]
1543,[819255 1043494 916122 1096573 1128477]
1544,[6534166 6534178 6533889 1042697 867931]
1545,[1106523 8090521 1091865 857503 882247]
1546,[965766 6533765 6534178 1068719 1029743]
1547,[893501 6534178 5575861 864941 10198511]
1548,[1029743 875392 822407 835098 1134483]
1549,[986912 1122358 912681 1106523 9575582]
1550,[1106523 848029 871756 5587656 1038663]
1552,[1029743 944836 908064 838712 7433888]
1555,[1029743 7409970 845705 1005186 1119946]
1556,[948670 1041796 1044078 1068719 916122]
1557,[6534178 1106523 1102829 6391381 867138]
1558,[839438 1005186 919766 908318 5581335]
1559,[1075368 914190 933835 965842 9392700]
1560,[1029743 965766 1114006 914190 1021519]
1563,[951412 1029743 1126899 1070820 848319]
1564,[1046689 1023979 9487498 1091793 1028816]
1566,[943940 976199 6534178 957951 1118623]
1567,[8015407 934639 1106523 1084036 835300]
1568,[899624 882489 999270 1104343 1106523]
1569,[1008547 1029743 866211 12987975 971949]
1570,[1041796 5569374 1112825 6548453 908318]
1572,[1126899 833724 982755 9835509 1005274]
1574,[845705 10198378 1056509 977499 916122]
1575,[928092 1070820 970030 901062 1028816]
1576,[1029743 857902 911162 7168055 1115553]
1577,[1029743 6534178 916122 1006483 866211]
1578,[1063207 1029743 827180 952781 1110764]
1579,[1029743 6534178 1068719 830740 914190]
1580,[1029743 921836 1005186 1106301 1134143]
1581,[1077373 1029743 914190 909714 6463775]
1583,[9670830 1015548 1114653 1128812 1053282]
1584,[6534178 1029743 1106523 1028891 1046587]
1585,[1126899 6534178 936396 859877 1055504]
1586,[948495 916122 1028816 7154535 958067]
1587,[899624 1029743 898867 5568378 953539]
1588,[6034857 841016 9547021 6534178 6602697]
1590,[944836 1029743 1028891 6533608 1070820]
1591,[1070820 1068719 6534178 6534166 6034857]
1592,[1110764 6534178 1005186 1091365 884945]
1593,[869728 6534178 1123434 1088205 1033403]
1594,[1106523 1068719 6533765 6534178 965766]
1595,[971922 6534178 1005186 1137775 5568378]
1596,[1042571 1058404 1040807 1051211 1033046]
1598,[871756 1063207 865456 986912 910032]
1599,[1068719 1013928 1025611 1004906 901976]
1602,[1070820 10150194 1029743 1006483 1098844]
1604,[832678 1051211 15926927 944486 968164]
1605,[1005186 892503 1075827 986912 1096728]
1607,[8090521 1091365 5569230 8090537 893501]
1608,[899624 928092 1066893 901062 1029743]
1609,[1029743 866211 1070820 865705 6533889]
1611,[1037840 1029743 983897 934639 825749]
1612,[6534178 854852 1126899 1070820 1138487]
1613,[1029743 1044805 981288 1044078 9416729]
1615,[885290 939636 1082212 996028 9835619]
1617,[1068719 830887 844179 8065410 12301100]
1618,[6534178 12171414 9420183 887393 1092303]
1619,[6534178 1075368 6391381 6533889 970160]
1620,[1106523 5587656 6534178 1068719 1029624]
1621,[1106523 933835 9297062 1138443 1101010]
1622,[1029743 928123 1006342 1031864 1053282]
1623,[6533765 6534178 1106523 1068719 1044078]
1624,[986912 1052975 964977 993638 5569230]
1625,[1106523 1110843 15926886 1007136 870315]
1627,[6534178 6533765 880427 1029743 1038745]
1629,[1072693 8090521 1085983 1051323 6463789]
1630,[1106523 1128861 865026 1107760 948670]
1631,[1029743 1089766 1049735 5569327 983584]
1632,[1070820 6534178 909714 916993 8090440]
1633,[6534178 916122 1068708 892573 899624]
1634,[1070820 1029743 907631 1044078 898510]
1635,[1029743 957951 919766 1026984 9527325]
1636,[896862 890597 1030455 946788 902856]
1637,[1014948 827999 1053282 1132911 911409]
1638,[1004906 1138443 10457044 940071 1067606]
1639,[1106523 1044078 1038663 8090537 5569327]
1640,[1106523 9527327 8065410 1051283 1075368]
1641,[1126899 944137 1125530 854852 957232]
1642,[1106523 1029743 1055504 1070820 916122]
1643,[1106523 1102207 857276 896085 5568378]
1644,[1128016 6979437 1014948 1134483 1029743]
1647,[1092885 887503 6464086 1101822 1057102]
1648,[1106523 6534178 1104027 983584 985699]
1649,[6391381 869728 849003 965766 951412]
1650,[6034857 866211 6904830 944137 13039088]
1651,[1055737 6034857 6553571 1092303 1104343]
1653,[1119946 899624 1079067 830245 1005186]
1654,[9553347 893501 886395 921438 1106523]
1656,[986912 1106523 6533362 1103513 9935616]
1657,[1106523 6534178 957063 6533765 12484608]
1658,[885290 916122 963727 984715 1070845]
1659,[1029743 1028816 896809 6034857 6391173]
1660,[955854 827919 974988 950550 1044078]
1661,[990897 1126899 951412 1055504 6534166]
1662,[1098844 1126899 916122 880427 1101445]
1663,[6534178 1070820 1092118 947658 9553042]
1664,[868764 13213552 948670 1070820 1044078]
1665,[1029743 6533889 831161 1127758 1106523]
1667,[986912 12731432 906611 1031253 1027569]
1668,[1106523 6534178 871756 6464086 882305]
1671,[1126899 901062 1078763 927238 1055504]
1672,[1096066 989069 1029743 852856 1044078]
1673,[6534178 1106523 914190 899624 1130581]
1676,[888586 1026258 6534166 921406 1028816]
1677,[7442008 1004906 15926844 872137 888054]
1678,[1106523 1029743 1023466 1090931 844179]
1679,[1005186 986912 993327 7166756 961851]
1680,[1126899 6443350 869728 916122 7166756]
1681,[1029743 982755 901776 6534178 915905]
1683,[15926844 5574377 1070820 837304 5569471]
1684,[1106523 9881593 941033 1042544 844839]
1685,[1005274 1029743 5569230 1091365 1110843]
1686,[1005186 953539 986912 1106523 909472]
1687,[976199 872137 832678 1126899 858439]
1688,[1029743 1028715 1066251 6534178 995876]
1689,[6534178 866548 916578 978077 1029743]
1690,[1068719 912681 899624 1106523 13210025]
1691,[933835 10198378 1106523 1056509 989069]
1692,[6534178 1029743 1044078 1044188 8291322]
1693,[1126899 6391381 1116741 10455984 1028816]
1694,[6533765 6534178 835098 1044078 844179]
1695,[1134483 1088910 996009 6534178 6533765]
1697,[957839 1029743 926905 1044078 1016800]
1698,[930118 5585510 1029743 1059902 9835451]
1699,[993638 1048445 7442180 5569845 8090539]
1700,[1100856 12301100 990797 1101173 930385]
1701,[6534178 5568378 5569230 1136719 6534077]
1702,[899624 933835 1039126 1106523 1101010]
1703,[1106523 965766 871756 5566800 1068719]
1704,[12384431 897306 8119157 833754 1019479]
1705,[1004906 5568378 6602697 834491 12301100]
1706,[860248 965766 8249559 7144132 6463729]
1707,[862732 831063 834993 1029743 9884484]
1708,[7409957 1029743 839208 919534 6534480]
1710,[1106523 952568 1029743 820301 845975]
1711,[933835 951821 839419 1123842 5591170]
1712,[847344 1101174 5568721 901062 1137775]
1713,[1032703 893362 868972 13841744 1060312]
1714,[1017325 945244 823704 936229 992529]
1716,[12525019 12302069 5568729 944139 1068719]
1717,[1029743 858439 899682 852360 1068719]
1719,[1070820 1106523 1103105 1029743 916993]
1720,[828143 913210 916122 872137 878715]
1721,[910673 5592261 1106523 7166866 849697]
1722,[6534178 1126899 823098 5565265 9194383]
1723,[870559 872137 1098844 922561 6904485]
1724,[1126899 1106523 6463752 992986 1104343]
1726,[6534178 872137 1071446 6391381 1044487]
1728,[9296919 1029743 9419470 6534515 8020234]
1729,[1110843 1104343 1005186 962266 1092303]
1730,[6534178 6533765 1108168 1031864 5591939]
1731,[1126899 947798 1106523 6534178 1135258]
1732,[1029743 914190 1106523 1051211 933835]
1733,[986912 894439 6904613 1004906 1025611]
1735,[1082990 859426 6534178 965041 963971]
1737,[901062 849003 965956 856335 1105488]
1738,[922847 893501 957063 1118033 914190]
1739,[1106523 5568378 965766 957063 1038663]
1740,[1075368 1029112 1074333 1056509 854754]
1742,[864335 1019637 1114653 908843 1048373]
1744,[1106523 916758 939681 1114811 1038985]
1745,[983584 1106523 871756 988697 1051323]
1746,[1051323 1013703 999779 1101173 1106523]
1747,[6534178 1106523 1068719 6979005 951727]
1748,[1106523 947798 891505 1080677 914577]
1749,[6534178 1042571 934399 849066 1009719]
1750,[916122 909714 5568378 1029743 990797]
1751,[1070820 1082990 882308 1139525 906830]
1752,[1106523 907631 865456 845193 910673]
1753,[6534178 986912 901543 869577 865511]
1754,[6533765 6534178 1029743 837107 992529]
1755,[999714 8090513 8090521 12171656 1022428]
1758,[1126899 899624 1132771 1115553 891752]
1759,[1126899 940947 1080841 1068719 1044078]
1760,[1029743 983584 1004906 906838 10285006]
1761,[12263364 854852 7025204 865026 835098]
1762,[6534178 976199 1068719 963971 1080429]
1763,[857902 1106523 1075368 1118623 1037840]
1764,[1126899 1075368 5565925 8118500 6534178]
1765,[1043494 7169088 940947 1070820 971949]
1766,[1005186 819978 1068719 1040807 975649]
1767,[1118012 899624 1116635 1044078 1005186]
1768,[12946027 899624 6391134 1003616 839419]
1769,[872137 1109778 1040807 5563693 920191]
1770,[960791 6534178 919126 1029743 7410336]
1771,[1006586 895163 9416653 964521 890490]
1773,[6534178 913210 916122 1056509 1070723]
1774,[990797 951197 902172 8090537 1004906]
1775,[1126899 1037332 6534178 964133 893501]
1776,[1076587 913210 878996 1004906 852856]
1777,[1126899 1111129 914318 916122 7168417]
1778,[1029743 6534178 1004906 871061 847344]
1779,[1070820 963365 1125391 1004906 951094]
1781,[1028816 6534166 6534178 930118 934399]
1782,[1079987 13841744 1072523 5569230 999639]
1783,[1029743 892728 6534178 9835509 916122]
1784,[998119 886395 917406 950935 1079987]
1785,[1126899 938512 976199 1055504 1070538]
1786,[6534178 882305 1110843 995876 1005186]
1788,[909714 6391381 6534178 1092303 957080]
1789,[1109778 1127831 9242918 9836106 1138443]
1790,[820923 945662 1131634 1122112 1004906]
1791,[6534178 916122 910673 8090440 1088683]
1792,[1075368 1106523 6534178 880888 1089766]
1794,[1106523 1029743 1102416 1110764 866211]
1795,[1070820 878775 942341 914318 6534178]
1796,[1029743 6534178 965766 1013578 1042438]
1797,[1112825 862799 940947 993703 829621]
1799,[998119 961979 1080884 9926758 871611]
1800,[6534178 983584 9297151 7025094 1126899]
1802,[6533394 885290 884089 888835 958700]
1803,[1005637 826690 939860 1086001 1068719]
1804,[1029743 6534178 844179 948670 823704]
1805,[1063207 1005186 926422 1075368 921438]
1806,[1029743 1126899 862732 893018 1091365]
1807,[1098844 1112825 829852 6534178 885863]
1808,[1037840 913144 976199 1091090 12171656]
1809,[8090536 976199 1055504 898034 12810393]
1810,[6534178 903529 1029743 1108094 864893]
1811,[1106523 6534178 1135258 901976 896613]
1812,[1075282 1057365 835595 6534178 1006342]
1814,[1014948 1029743 937403 999270 950935]
1815,[6534178 895502 1029743 1004906 839243]
1816,[1079976 1070820 1029743 1118264 827570]
1817,[1005274 925862 895930 908318 1020208]
1818,[5570467 1129049 909479 1068719 7410361]
1819,[6602697 1005186 1110843 936914 12946027]
1820,[880427 872137 1029743 8290421 8090546]
1821,[1106523 983584 5568378 6534178 933835]
1823,[1070820 1006264 1098844 916122 6534178]
1824,[1106523 983584 1043787 862010 5569471]
1826,[1029743 935570 9884698 1072523 1044078]
1827,[1029743 5568378 893501 907631 1044078]
1829,[1076954 1098844 914753 1065979 1029743]
1831,[6534178 909268 7410304 857503 1131382]
1832,[1061747 1134222 1022097 951412 1007240]
1833,[1106523 838186 893018 1089066 8090521]
1834,[1029743 1040807 6534178 883003 1101173]
1835,[1026258 956902 6534178 1044259 945662]
1837,[830973 6534178 8019681 966684 996259]
1839,[1106523 9553048 1026362 889551 867547]
1841,[1062572 872137 999858 1135822 910964]
1842,[986912 993638 899624 1027569 857503]
1843,[1029743 1038985 5569845 9242918 1021324]
1845,[1126899 9881593 1070538 1072437 1127831]
1846,[6919082 1029743 839208 1114605 1114006]
1847,[1070820 991761 12731432 866355 8019649]
1848,[1005186 986912 892573 894439 9526159]
1849,[1005186 1029743 1056509 1091365 1046584]
1850,[6534178 872137 852235 1127831 909714]
1851,[5569374 9803433 5569230 7441873 871756]
1852,[6534178 1029743 1072917 841220 948670]
1854,[6534178 1055504 1072693 1127831 957736]
1856,[978077 1070820 986912 1005186 1029743]
1857,[1029743 1031316 1009368 6534178 8090521]
1858,[880969 8119101 1027372 1065061 1044805]
1859,[1082990 6979437 1127831 1000237 962615]
1861,[1029743 1068719 987571 5568378 1008714]
1864,[965842 894570 9859111 6534178 13115937]
1865,[1070820 903800 1092303 833724 986912]
1867,[916122 5569845 893501 5569230 5569471]
1868,[1103808 1106301 846823 8090537 1038663]
1869,[1126899 940947 8020166 916122 1004906]
1870,[1070820 914318 919534 1077745 872066]
1871,[854852 1081177 966684 1055425 944836]
1872,[6534178 1134473 5574358 12384779 1102416]
1873,[1106523 6534178 834396 6533765 926905]
1874,[1121393 1029743 1132771 871756 6534166]
1875,[6533889 6534077 983096 6534166 863447]
1877,[1029743 8090440 1122358 964133 1094744]
1879,[1070803 933835 1132771 854646 922561]
1880,[930385 1081177 1029624 983000 1106523]
1881,[6534178 852360 901062 959316 1137775]
1883,[921345 947798 8090521 896862 5569327]
1885,[6533889 6534178 893501 6534035 951954]
1886,[1065538 1106523 1024306 949023 1005186]
1887,[1126899 957232 1136719 1062128 988439]
1889,[904813 891505 944836 1132911 895702]
1890,[1126899 1003616 9296804 6039759 916122]
1891,[1055425 1106523 7025250 1091865 838637]
1892,[1068719 896862 930666 899624 6979089]
1893,[6534178 1004906 893501 914190 7442004]
1894,[1106523 1029743 890695 6534166 1070227]
1895,[1044078 847344 898510 1051323 1129049]
1896,[1029743 1075368 1037840 6534178 1060408]
1899,[1029743 1122358 833598 1040807 839656]
1900,[1087102 1132771 872137 1070820 920002]
1901,[1060529 912681 909714 1081177 920112]
1902,[914190 1056509 985866 923670 999714]
1904,[896862 1123842 932949 1005186 930666]
1906,[871633 6534178 6396174 1114653 1034176]
1907,[1075368 6534178 1125601 976199 819978]
1909,[1044078 1139142 955259 1068719 884333]
1911,[6534178 1044078 1070820 1118033 1038663]
1912,[1106523 865026 1029743 12302069 1036486]
1914,[892573 894439 1077133 862010 1043787]
1916,[1068719 885290 912681 969866 1138467]
1917,[1106523 975085 1029743 1004906 829722]
1918,[1029743 872137 1014948 6534178 1116020]
1919,[1106523 6534178 917772 1005186 1059080]
1920,[1019643 833724 829323 1079941 1127831]
1921,[1029743 7442056 6534178 1056509 1044078]
1922,[1091901 1040511 1126899 1132771 920002]
1923,[1098844 6534178 992986 1005186 1134473]
1924,[983584 965772 1029743 1051901 6534178]
1925,[1106523 901062 909714 1121193 989830]
1926,[914190 1068719 1119089 6533889 7168890]
1927,[1106523 1029743 1068719 871756 5981074]
1928,[983584 1070820 908504 843744 6534178]
1929,[899624 933835 965766 1106523 913210]
1930,[1122358 5568729 1062117 1128016 1110764]
1931,[1048727 1130858 945662 831407 1106523]
1932,[6534178 13189861 914190 916122 5581464]
1933,[7167967 1106523 1106271 944018 1029743]
1935,[1126899 832473 998519 6533889 1007269]
1936,[1029743 1138443 844179 6534178 1068719]
1937,[1070820 1093603 986912 999104 833724]
1938,[842249 8293439 1029743 6533936 5995101]
1939,[896085 924967 6534178 926905 879876]
1940,[1028816 908575 1094924 969866 950118]
1941,[947798 1044078 1089766 1106523 1106301]
1942,[5569230 1110409 1106523 6534178 5585510]
1943,[1029743 1068719 7147142 7152455 1106523]
1944,[880427 1070820 1029743 6534178 1006342]
1945,[1029743 1011920 7463287 1006878 1106301]
1946,[1070820 8090509 12946027 1029743 1037332]
1947,[1126899 1028938 1097635 1040807 845193]
1948,[916993 848319 6602590 1055015 1126899]
1949,[1038038 1048833 1044078 908843 1127831]
1950,[1106523 1079987 1131321 1029743 921504]
1951,[1127831 1076199 8276172 947146 983897]
1952,[1029743 6534178 1021116 995502 834117]
1953,[827919 916122 14106445 904236 5585510]
1954,[1084036 1019247 899624 1106523 1004906]
1955,[1063739 1106523 6534178 10149640 916122]
1956,[933835 1126899 970866 865156 1070820]
1957,[1029743 9245108 821200 1040807 9296919]
1958,[857503 893501 1040807 1005186 922847]
1960,[1070820 6534178 839656 1044078 844179]
1961,[1106523 1074754 5587656 1101010 1061228]
1962,[1056509 990797 1112825 6534166 976199]
1963,[886996 843756 893501 951197 854405]
1964,[862732 870428 1002771 965766 1074754]
1965,[9881592 960421 1091809 9884484 9881593]
1966,[1070820 1104343 944836 5570685 833724]
1967,[13190349 1091365 1005186 880530 6633210]
1968,[1090676 1122358 902856 1082212 848970]
1969,[1029743 1044078 871514 1081177 12302069]
1970,[1072086 7147145 820122 1029743 918046]
1971,[1029743 899624 1070820 7442008 907945]
1972,[908283 929018 1106523 1068719 972456]
1975,[5574377 6534178 1108055 820301 5569376]
1976,[1106523 1082990 849202 910473 12301100]
1977,[1103105 1123022 1081470 6533765 6533889]
1979,[1106523 1004906 1029743 1090931 5569230]
1980,[935993 976199 916122 1075214 9487606]
1981,[1126899 1082212 1037332 1122358 1046047]
1982,[6533889 1071759 856335 827806 888532]
1983,[7166865 1029743 866211 7168026 885290]
1984,"[ 6534178  6533889  1029743  6534166   916122  6533765  1106523  5569230
  1127831   844179  1044078   874972  5569471  1126899  1005186   866211
  1070820  8090521   986912   854852  8090537   878996  1000753  1004906
  1075368  1070702   899624  1081177   854405   933835 12810393 12810391
  6544236   982469   985999   839419   863447   948670  1065538  1024306
  1068719   910032   999858  1013928 12262778   913210  5568378  1012587
  6034857  1038663   849202   965267  5569845   880150   834117   993638
  1110843  1018740  1051323   878715  1049788   893018  1006184   901062
  1037840  1040807  1108094   995965   968072  1101010   930118  5569374
  5585510  1105488   965766   883003  1101173  1043751   940947   904129
  1034176   983584  1404121   848029  1021164   914190   951412   897954
  8090440  1056509   909714  1025611  1087102 12301109   944534  1138443
   863762  1023720   823990   970747]"
1985,[1106523 8116306 1004906 910032 1079820]
1986,[5568378 1068719 1004906 1009769 13213107]
1987,"[ 6534178  6533889  1029743  6534166   916122  6533765  1106523  5569230
  1127831   844179  1044078   874972  5569471  1126899  1005186   866211
  1070820  8090521   986912   854852  8090537   878996  1000753  1004906
  1075368  1070702   899624  1081177   854405   933835 12810393 12810391
  6544236   982469   985999   839419   863447   948670  1065538  1024306
  1068719   910032   999858  1013928 12262778   913210  5568378  1012587
  6034857  1038663   849202   965267  5569845   880150   834117   993638
  1110843  1018740  1051323   878715  1049788   893018  1006184   901062
  1037840  1040807  1108094   995965   968072  1101010   930118  5569374
  5585510  1105488   965766   883003  1101173  1043751   940947   904129
  1034176   983584  1404121   848029  1021164   914190   951412   897954
  8090440  1056509   909714  1025611  1087102 12301109   944534  1138443
   863762  1023720   823990   970747]"
1988,[1106523 6534178 965041 946995 5565392]
1989,[10284946 6534178 1005186 835098 833724]
1990,[1029743 1126899 1067749 6534178 856942]
1993,[6534178 1043787 862010 5568729 986912]
1994,[1091365 836703 1110843 1007136 942475]
1995,[1106523 9677236 5566309 6534178 823775]
1996,[1126899 6034577 948239 823775 1070820]
1997,[1126899 976199 6534178 916122 985889]
1998,[1106523 1017201 6633273 5566809 5569327]
1999,[1068719 1072086 866211 924352 1127831]
2000,[5569172 1106301 1050851 1068719 1029743]
2001,[1126899 1083446 986912 1127831 823099]
2002,[1106523 916122 5568378 899624 1068719]
2003,[9859052 867547 964853 857503 1051211]
2004,[1055425 934399 999104 1072659 819978]
2005,[986912 1068719 822407 6534178 1130858]
2006,[893501 945611 5574377 916993 5569471]
2007,[1106523 6534178 1092303 1075214 9420314]
2008,[1126899 936830 941532 13115914 885290]
2010,[1121656 978974 826666 851241 1044078]
2011,[893501 916487 1053282 1007136 1118479]
2012,[6534178 1106523 868645 845193 972416]
2014,[1106523 897954 1096728 844179 916122]
2015,[940947 1029743 1044188 899624 1133745]
2016,[942525 1075175 1083787 1094744 1014948]
2017,[983584 1126899 6534178 1070820 1125219]
2018,[1106523 880150 970152 857130 9835619]
2019,[1029743 957063 856818 880150 899624]
2020,[971949 1029743 6602697 9527159 14106445]
2021,[1019142 896862 1044078 9835223 844179]
2022,[1029743 1098844 906335 854852 6534178]
2023,[8090509 5569374 1011457 8090513 852856]
2024,[1126899 925854 6534178 912301 834911]
2025,[894570 6534178 924978 913144 1029743]
2026,[965766 916122 984715 828143 12810393]
2028,[8090509 895295 5568378 1033089 1094190]
2030,[1087102 1029743 1055425 899624 1056509]
2031,[1044078 871756 9836106 896613 1038745]
2032,[1070820 1088856 863030 880050 6534178]
2033,[6534166 1046047 1117393 866211 5567502]
2034,[1126899 6534178 1004906 924352 1130858]
2036,[1126899 1029743 885290 977780 1105488]
2037,[1029743 1068719 1018007 889863 909750]
2038,[1029743 1132771 6534178 8090537 820321]
2039,[1106523 827180 1051323 1029743 6039859]
2041,[1074333 6534178 835080 1088771 9655676]
2042,[843756 9655528 6034857 1126899 833940]
2043,[1106301 894439 13841744 1120991 871756]
2044,[1029743 942778 1005186 1035842 1048068]
2047,[6534178 6534166 1092303 1106523 1071759]
2048,[1106523 6534178 9835509 944534 12810422]
2049,[976199 1053016 893018 956672 1075277]
2050,[6534178 899624 857503 873847 993638]
2053,[1029743 9392700 8090536 941856 1103105]
2055,[1138487 1104343 1080853 7166861 944139]
2056,[1106523 1125123 1106301 8090521 1043663]
2057,[6534178 1070820 977798 913210 1043494]
2058,[1006342 872137 1116050 873056 14106445]
2059,[1126899 957063 1031316 5569230 1096667]
2060,[986912 1029743 6534077 5569230 1071302]
2062,[1029743 1106301 1106523 819255 899624]
2063,[1005186 986912 1090676 885290 866211]
2064,[1005186 951412 1006483 866548 879734]
2065,[1029743 996087 852015 9836415 1096728]
2068,[1070820 1086061 1004906 1056509 12731714]
2069,[1106523 986912 965766 871756 1104343]
2070,[6534178 913210 1029743 933067 865456]
2074,[1106523 8090513 1012701 1138487 1101173]
2075,[1029743 6534178 982469 951197 925862]
2076,[1098844 6534178 880427 1137775 829323]
2077,[1106523 1131892 832001 6534166 1006188]
2078,[6534178 1029743 1106523 12330376 1042438]
2079,[1106523 1106301 1072523 1028816 1081177]
2080,[1106523 1048483 9884484 919534 1100273]
2082,[6534178 1029743 865456 916122 1004906]
2083,[6534178 1005186 6533681 1070820 933835]
2084,[6534166 970866 6534178 6034857 878715]
2085,[1101010 1029743 983584 6533765 899624]
2086,[868764 1121193 880150 1018243 1029743]
2087,[1029743 6534178 916993 854852 899624]
2088,[1029743 893501 970030 1106301 9245462]
2089,[1126899 1036693 1102829 985622 6463724]
2090,[6534178 1131506 9296804 899682 1007259]
2093,[8090521 8090537 6534178 5569230 13511457]
2094,[1070820 916993 9836460 1006063 1047619]
2095,[1005186 1068719 5569135 986912 1106523]
2097,[893501 6391557 6463775 6534178 1029743]
2099,[1029743 6533765 6534178 1092937 1101010]
2100,[1106523 1041796 944534 1101174 899459]
2101,[983584 1029743 1008032 1104647 1101010]
2102,[940947 996009 12262778 995876 1045586]
2107,[1029743 1098844 5995281 965842 901062]
2108,[6534074 1029743 6533936 1106523 8090533]
2109,[8065410 1041796 997796 925862 1120928]
2110,[1029743 1106523 6034857 901062 854852]
2111,[6534178 1066252 1051323 1126899 847139]
2112,[1029743 5563693 844179 1082212 6534178]
2113,[1042544 1077373 5568378 1101010 9297223]
2114,[986912 885290 1005186 907099 933835]
2115,[1070820 6534178 1024319 852080 909249]
2116,[6534178 1070820 1068719 1098844 1087102]
2117,[6534077 846823 1094744 9835619 947798]
2119,[6534178 1029743 965766 12731432 849505]
2121,[6534178 1006483 1095374 9527174 957232]
2122,[1106523 6534178 1091365 904995 1006184]
2123,[957232 824180 920978 1076199 10285454]
2124,[1106523 1126899 1109598 6534178 1096563]
2125,[1029743 6534178 925862 883003 933067]
2126,[6534178 921836 6034857 948495 1104343]
2127,[1029743 983584 1126899 5568378 6534178]
2129,[1029743 1108168 1004906 6534166 6534178]
2130,[872137 957063 1106523 1068719 969292]
2131,[965766 1029743 878285 951412 986912]
2132,[990797 832678 1127831 1129982 1014116]
2133,[1126899 1019247 6534178 904105 1068957]
2134,[970030 1051468 976199 1121393 844179]
2136,[9707498 901062 1007269 951412 6602729]
2137,[6534178 912681 1029743 1127758 1067779]
2138,[1029743 893501 1110764 945611 933835]
2139,[1029743 875392 1022097 989409 1027569]
2140,[1070820 1005186 1128244 854852 12171765]
2141,[1070820 933835 914190 983753 1101980]
2142,[6632283 1029743 5568729 6704207 913210]
2144,[397896 1029743 991223 957063 6534178]
2145,[6391080 866211 6534178 1001827 1105488]
2146,[1029743 904236 898121 991592 998678]
2147,[1106523 1005274 933835 1013389 976199]
2148,[895930 913210 1106523 1068719 1101010]
2149,[1106523 13416117 6534166 6534178 1068719]
2153,[13841744 7409974 964968 1004906 1029743]
2154,[1106523 999270 6534178 1026235 1127758]
2156,[1029743 7409957 1122358 965889 6534178]
2158,[6534178 970030 926033 1070538 893651]
2159,[1004906 6534178 1038745 8090537 1091158]
2160,[953539 1070702 12262778 7169089 874972]
2161,[1126899 6534166 976214 951176 944836]
2162,[6395907 979674 1005576 1029743 896085]
2165,[1004906 1068504 8011291 1000753 1044078]
2168,[13671735 8090521 1026094 1116253 1044078]
2170,[1013928 1029743 1043751 1037840 7160764]
2171,[974336 1023196 872177 965766 1106601]
2172,[1029743 1070538 885406 837304 916758]
2173,[899624 1062002 913210 1132771 950615]
2174,[1075368 9296821 1129610 961979 1126899]
2175,[823990 10150194 990797 896085 1048257]
2179,[1110843 883186 871611 1124520 9527174]
2181,[1087102 1126899 971922 1029743 914190]
2182,[6464180 279994 990656 1005186 896757]
2183,[6534178 1029743 916993 12731432 857503]
2184,[1106523 1005186 6534178 983584 1110843]
2185,[1068719 879699 820923 839656 6534166]
2186,[1106523 1075368 899624 944534 965766]
2187,[1038663 999779 899624 13910669 865456]
2188,[1106523 6534178 871756 933835 866211]
2189,[913210 13841744 834117 6534178 1029743]
2190,[6534178 1106523 883003 5568378 995628]
2193,[1070820 6534178 1031087 1005274 1104414]
2194,[6534178 866211 1042571 853448 1062128]
2195,[1126899 893501 995965 868764 1055504]
2196,[1029743 999104 837304 1027835 5569374]
2197,[1007269 5569230 1021324 8090521 8118590]
2198,[6534178 6979518 892573 1056509 1013928]
2199,[1126899 1029743 1070820 6534178 849003]
2200,[1106523 6534178 919534 1004906 844179]
2203,[1029743 12731571 913210 6534178 1018818]
2204,[871756 820923 1068719 1029743 1044078]
2206,[1029743 954495 1094190 1135552 902172]
2207,[1005186 911311 885290 986912 1110843]
2208,[940947 5569230 1128016 880150 1095587]
2209,[1029743 6534166 1098844 936924 885290]
2210,[9836106 965766 1044078 1109981 904812]
2211,[1126899 1070820 6533889 6534178 850834]
2213,[995965 1134473 859427 909268 933835]
2214,[919534 868764 6464166 930870 9187298]
2215,[880150 890695 1112205 1106523 854852]
2216,[1070820 1106523 893651 1072523 1029743]
2217,[6534178 1055504 833724 1004906 914190]
2218,[899624 937292 913210 6034857 1049788]
2221,[1126899 6533368 1022340 7410321 1120261]
2222,[933918 1070782 5569230 397896 1101010]
2224,[1029743 1070820 1005186 1097761 923670]
2225,[992150 872137 943286 1126899 1070820]
2226,[6534178 1056509 1106523 1126899 896085]
2229,[880427 1070820 1092040 835595 1002838]
2230,[9333734 1082212 852572 847207 936889]
2231,[1111129 1126899 1122358 944836 5981267]
2232,[868764 845705 1039672 1029743 984957]
2233,[6534178 897306 1081177 1046756 832001]
2234,[6534178 854754 984315 8065410 999104]
2235,[6534166 937292 857130 976199 6533889]
2237,[6534178 872137 913210 1004906 976199]
2238,[6391080 971983 1029743 1127758 843898]
2240,[1044188 1106523 5568378 916122 910032]
2241,[1029743 1122358 8273833 1029624 924427]
2242,[5569230 1037840 5569845 954102 1029743]
2243,[8119302 971922 899624 1043751 959316]
2244,[1029743 1068719 5568378 5569327 907631]
2245,[1044078 6533765 1081177 1004906 6534178]
2247,[872137 1106523 1101173 989069 866211]
2248,[1091520 827180 930917 976214 949965]
2251,[970866 5568378 828393 1101173 888988]
2252,[6534178 1029743 1104343 1130858 970866]
2255,[1029743 928932 1062863 857130 965766]
2257,[1104349 1106523 1068719 1106116 925862]
2259,"[ 6534178  6533889  1029743  6534166   916122  6533765  1106523  5569230
  1127831   844179  1044078   874972  5569471  1126899  1005186   866211
  1070820  8090521   986912   854852  8090537   878996  1000753  1004906
  1075368  1070702   899624  1081177   854405   933835 12810393 12810391
  6544236   982469   985999   839419   863447   948670  1065538  1024306
  1068719   910032   999858  1013928 12262778   913210  5568378  1012587
  6034857  1038663   849202   965267  5569845   880150   834117   993638
  1110843  1018740  1051323   878715  1049788   893018  1006184   901062
  1037840  1040807  1108094   995965   968072  1101010   930118  5569374
  5585510  1105488   965766   883003  1101173  1043751   940947   904129
  1034176   983584  1404121   848029  1021164   914190   951412   897954
  8090440  1056509   909714  1025611  1087102 12301109   944534  1138443
   863762  1023720   823990   970747]"
2260,[6534178 1029743 1069003 882604 1115175]
2261,[983584 1106523 1122358 1037840 6534178]
2262,[1019247 1122358 6773232 5981267 944564]
2263,[976199 986912 6602697 1004906 1044078]
2264,[908318 970030 1068719 861706 5566472]
2266,[6534178 1028816 843756 923789 12946027]
2267,[1126899 1091901 913210 6534178 8019977]
2268,[1125382 13115501 1013703 8020205 967144]
2269,[899624 844179 965766 914190 5568729]
2270,[1068719 1005186 1024731 1106301 910473]
2272,[940947 1045586 1040807 840227 1104343]
2273,[6979089 934948 1029743 825170 933729]
2274,[933835 1101010 1028816 863762 971922]
2275,[899624 1044078 1029743 844179 861279]
2276,[983584 5591154 967144 916122 1095587]
2277,[6704207 826666 1097001 1067695 1075368]
2278,[951412 901062 1017220 1018818 1004436]
2279,[862152 868764 849697 1121360 10456467]
2280,[1070820 1093603 1082990 1097635 883003]
2281,[1126899 13213082 998352 913210 970030]
2282,[880228 833724 1028816 1070820 1019643]
2283,[6534178 1106523 1122889 1105488 1044078]
2284,[872137 1046756 843171 1026984 914190]
2285,[970030 857503 1134633 904833 6534178]
2287,[1029743 971922 13008065 1082212 854852]
2288,[1126899 7464370 825365 13008326 1092303]
2289,[984680 1029743 834396 913210 819978]
2291,[12523928 986912 962588 9858942 1109374]
2292,[1029743 6534178 15926844 880895 894627]
2294,[1106523 1029743 8119302 6534178 5585510]
2295,[1068719 1106523 983584 899624 950206]
2296,[933835 1068719 1004906 1104414 937292]
2298,[871756 916122 6919082 1106894 821741]
2299,[834491 6602697 1091858 1103752 999104]
2300,[1029743 1048507 1095964 1119993 12301100]
2301,[1057749 1029743 983584 1013597 12302069]
2302,[1029743 1004906 954110 911017 1006184]
2303,[1029743 1002771 841220 933835 1057102]
2305,[983584 1029743 1056509 1053282 1069039]
2307,[6534178 1007148 883003 1006184 1049735]
2308,[1029743 856335 1068292 854852 6979803]
2309,[1106523 5569845 1081177 879734 843756]
2310,[1068719 1101173 933067 896613 999779]
2312,[1070820 880310 1037332 916122 1092303]
2313,[6534178 1036699 860703 1029743 1137507]
2314,[951412 906183 1126899 1048257 970030]
2317,[1029743 933835 944836 6534178 1105917]
2319,[908145 1029743 990797 1101174 5569230]
2321,[1029743 1108094 1106523 12757140 969977]
2322,[1108994 852856 892573 1069312 1117393]
2323,[6534178 1005186 1121894 5565322 1022097]
2324,[1029743 967760 938118 1012913 909714]
2326,[957232 1112754 973135 1012701 838186]
2328,[1106523 1082990 1048257 942525 1136657]
2330,[6534178 1106523 1056509 959316 924423]
2331,[1103105 1029743 6534178 844179 890695]
2332,[860248 5568758 1026623 1076842 6534178]
2333,[1048352 993592 6443350 1116050 1068719]
2334,[1005186 1070272 1042438 1087102 827180]
2335,[950550 12302069 1029743 866211 1103808]
2336,[1029743 844179 1044078 1081177 963971]
2337,[1106523 1097398 1044078 832678 1067695]
2338,[1106523 1082990 6534178 1101706 9676938]
2341,[1106523 893501 899624 1044188 1098284]
2342,[7166865 1029743 866548 6534178 990797]
2343,[6534178 857503 1054216 924352 1104343]
2344,[1075827 1106523 12352293 839438 6534178]
2345,[1029743 849505 1106523 1137346 964968]
2346,[1068719 1029272 1029743 914190 1072693]
2347,[1029743 9527257 1077048 6534178 1101173]
2348,[856335 1093329 884756 845774 886481]
2349,[836085 6534178 1070820 12988031 839605]
2350,[1029743 949965 6534178 844179 910032]
2351,[6534178 1048727 825703 12484491 976199]
2352,[9676938 8358065 975180 839419 869047]
2353,[866211 1056509 1047769 5569230 866355]
2354,[6534178 1126899 913210 8019649 944836]
2355,[1121393 847962 942708 927382 12810393]
2357,[9575582 1137483 1029743 9707498 6534178]
2358,[1117690 961979 1004906 6602440 1000753]
2359,[1106523 938554 6534178 965766 1044078]
2360,[1029743 6534178 883003 909714 5568729]
2361,[1126899 865511 1057011 898121 1053329]
2362,[5588161 1074754 1084177 1079482 967948]
2363,[6602697 1070820 944137 834117 880377]
2366,[948670 6534178 1004906 913210 901396]
2367,[7147142 1029743 1042438 1106523 844179]
2368,[5568729 1055155 857540 981086 1023830]
2369,[6534178 1029743 8090440 1128812 940766]
2370,[1070820 6533889 6534178 946839 12731543]
2371,[6602440 1106523 1028816 923751 1072523]
2372,[6534178 1029743 7410347 1038985 995965]
2373,[1404121 7152455 1014948 963971 872137]
2374,[1070820 1041796 858700 872137 1044078]
2375,[899624 6034857 5585510 989069 1085983]
2376,[6534178 1005186 919534 1091365 1057168]
2377,[866211 835080 6534178 1055168 1004906]
2378,[1029743 9527323 914190 1100972 9677366]
2379,[854405 860248 916122 5569327 8019977]
2380,[1029743 6534178 1068719 1122358 948670]
2381,[895930 916122 890695 5570408 844179]
2383,[1043920 913790 1134483 1029743 1068719]
2386,[1029743 1079987 6534178 822049 1050851]
2387,[940947 895502 1016800 1126899 917033]
2389,[1029743 937736 12946027 1044078 5568378]
2392,[1068719 895166 5568378 995876 965766]
2393,[944836 6391089 951412 982989 976199]
2394,[847344 986727 9835509 6534178 1117393]
2395,[949294 1029743 1106523 993638 5569230]
2396,[914190 848319 998119 1029743 896093]
2398,[891118 5578856 1137775 1027168 6463775]
2399,[835098 947858 993638 1106523 9835619]
2400,[838186 6534166 6533765 1014948 947798]
2401,[1106523 912681 6979089 1081177 5585510]
2402,[1106523 1081177 899624 995276 844179]
2404,"[ 6534178  6533889  1029743  6534166   916122  6533765  1106523  5569230
  1127831   844179  1044078   874972  5569471  1126899  1005186   866211
  1070820  8090521   986912   854852  8090537   878996  1000753  1004906
  1075368  1070702   899624  1081177   854405   933835 12810393 12810391
  6544236   982469   985999   839419   863447   948670  1065538  1024306
  1068719   910032   999858  1013928 12262778   913210  5568378  1012587
  6034857  1038663   849202   965267  5569845   880150   834117   993638
  1110843  1018740  1051323   878715  1049788   893018  1006184   901062
  1037840  1040807  1108094   995965   968072  1101010   930118  5569374
  5585510  1105488   965766   883003  1101173  1043751   940947   904129
  1034176   983584  1404121   848029  1021164   914190   951412   897954
  8090440  1056509   909714  1025611  1087102 12301109   944534  1138443
   863762  1023720   823990   970747]"
2405,[6602697 1091383 6534178 821741 6533765]
2406,[1126899 910109 6534178 951197 1008547]
2407,[911470 6533889 6544236 1029743 1038443]
2408,[1029743 908318 1036262 1138443 946995]
2410,[1106523 1037840 893501 1108094 1029743]
2412,[13841744 1106523 1068719 822407 871756]
2415,[1068719 1101589 9673980 990453 981660]
2416,[1098844 849697 6534178 955854 12808385]
2418,[1029743 1005186 9245108 1068719 1072693]
2420,[1068719 1106523 880150 1004906 999779]
2421,[1126899 1021715 1040807 1068719 6464105]
2423,[1106523 911974 832678 8090521 930917]
2424,[1072693 6034857 1029743 1081177 14077333]
2425,[1029743 6534178 6533889 918676 1070820]
2426,[1058404 1029743 6534178 844179 1017201]
2427,[6534178 856252 1034955 908318 1105917]
2430,[845193 976199 841220 831161 6534178]
2431,[912681 1004906 6919082 823990 835300]
2432,[1029743 986912 1101010 1137387 6534178]
2435,[1029743 983584 10198378 12731517 899624]
2437,[1070820 7409618 7409644 866211 862010]
2438,[8090556 919766 951412 5592094 835098]
2440,[1106523 835296 1092937 965766 1072405]
2441,[1029743 898121 948670 885023 1021519]
2445,[1029743 6534178 844179 868764 913278]
2446,[1044259 6533889 1044805 963868 1404121]
2447,[868764 1124520 1006342 904997 883186]
2448,[1106523 7168058 1121694 1004906 835098]
2449,[1106523 1098844 1029743 1055504 970030]
2450,[6534178 1070820 866211 893501 9856740]
2451,[1018822 1076580 1126899 854754 948670]
2452,[1106523 1127758 910673 949023 5568378]
2453,[1005186 1070820 976199 1136719 1110843]
2454,[1037332 1047971 1066893 1049735 969945]
2455,[1029743 983795 1131321 1137775 959316]
2456,[951412 902856 888532 1126899 5587656]
2457,[1106523 876115 1137775 938118 901062]
2458,[970030 1012913 901062 1127831 965842]
2459,[895163 944139 907945 1060705 1027168]
2460,[1101173 1091365 5568378 5569230 9803601]
2461,[1098844 1110409 1091520 843756 854405]
2462,[901062 6034857 1029743 824796 8293343]
2465,[6534178 856252 986912 993379 969866]
2466,[1029743 1068719 995628 1059902 1125837]
2467,[1126899 6602697 944836 921836 8090536]
2468,[1106523 860703 833458 1094924 1021116]
2469,[1005186 868764 916122 832513 999858]
2470,[823356 12757065 983000 6391381 12757280]
2471,[1034028 940071 837304 1062002 1029743]
2472,[970030 1081177 1029743 1068292 6978994]
2474,[1029743 940766 1011427 1125391 1134472]
2475,[1070820 971922 837969 1110111 918598]
2478,[965766 1137775 872137 851515 1004906]
2479,[1106523 1040807 1068719 6534178 1127831]
2481,[1029743 1132771 6534178 1100972 963971]
2482,[1106523 1029743 983584 977559 8090521]
2483,[1070820 1048727 1135971 948832 6533936]
2484,[6534178 1029743 899624 1106301 878715]
2485,[893501 12695224 970605 6463727 944249]
2486,[1029743 1068719 1106523 6534178 916122]
2487,[865026 5569230 10344585 1099089 914190]
2488,[6534178 972665 971957 1011920 911017]
2489,[1029743 899624 5591154 852856 1092149]
2490,[1127758 1106523 13072850 939636 945909]
2492,[1106523 933835 914577 883003 912004]
2494,[1032950 1004906 5564636 1101173 969568]
2496,[1056509 1106523 907631 899624 916122]
2497,[1102207 871756 1029743 911470 1040807]
2498,[1106523 1126899 1070820 1100379 1130858]
2499,[1070820 5568378 899624 5569327 7168055]
2500,[6534178 1013389 953180 1063739 1065538]
